spectrogram_path,label,speaker_id
spectrograms/sample_0.npy,0,id01671
spectrograms/sample_1.npy,0,id01671
spectrograms/sample_2.npy,0,id01671
spectrograms/sample_3.npy,0,id01671
spectrograms/sample_4.npy,0,id01671
spectrograms/sample_5.npy,0,id01671
spectrograms/sample_6.npy,0,id01671
spectrograms/sample_7.npy,0,id01671
spectrograms/sample_8.npy,0,id01671
spectrograms/sample_9.npy,0,id01671
spectrograms/sample_10.npy,0,id01671
spectrograms/sample_11.npy,0,id01671
spectrograms/sample_12.npy,0,id01671
spectrograms/sample_13.npy,0,id01671
spectrograms/sample_14.npy,0,id01671
spectrograms/sample_15.npy,0,id01671
spectrograms/sample_16.npy,0,id01671
spectrograms/sample_17.npy,0,id01671
spectrograms/sample_18.npy,0,id01671
spectrograms/sample_19.npy,0,id01671
spectrograms/sample_20.npy,1,id02231
spectrograms/sample_21.npy,1,id02231
spectrograms/sample_22.npy,1,id02231
spectrograms/sample_23.npy,1,id02231
spectrograms/sample_24.npy,1,id02231
spectrograms/sample_25.npy,1,id02231
spectrograms/sample_26.npy,1,id02231
spectrograms/sample_27.npy,1,id02231
spectrograms/sample_28.npy,1,id02231
spectrograms/sample_29.npy,1,id02231
spectrograms/sample_30.npy,1,id02231
spectrograms/sample_31.npy,1,id02231
spectrograms/sample_32.npy,1,id02231
spectrograms/sample_33.npy,1,id02231
spectrograms/sample_34.npy,1,id02231
spectrograms/sample_35.npy,1,id02231
spectrograms/sample_36.npy,1,id02231
spectrograms/sample_37.npy,1,id02231
spectrograms/sample_38.npy,1,id02231
spectrograms/sample_39.npy,1,id02231
spectrograms/sample_40.npy,2,id05426
spectrograms/sample_41.npy,2,id05426
spectrograms/sample_42.npy,2,id05426
spectrograms/sample_43.npy,2,id05426
spectrograms/sample_44.npy,2,id05426
spectrograms/sample_45.npy,2,id05426
spectrograms/sample_46.npy,2,id05426
spectrograms/sample_47.npy,2,id05426
spectrograms/sample_48.npy,2,id05426
spectrograms/sample_49.npy,2,id05426
spectrograms/sample_50.npy,2,id05426
spectrograms/sample_51.npy,2,id05426
spectrograms/sample_52.npy,2,id05426
spectrograms/sample_53.npy,2,id05426
spectrograms/sample_54.npy,2,id05426
spectrograms/sample_55.npy,2,id05426
spectrograms/sample_56.npy,2,id05426
spectrograms/sample_57.npy,2,id05426
spectrograms/sample_58.npy,2,id05426
spectrograms/sample_59.npy,2,id05426
spectrograms/sample_60.npy,3,id01112
spectrograms/sample_61.npy,3,id01112
spectrograms/sample_62.npy,3,id01112
spectrograms/sample_63.npy,3,id01112
spectrograms/sample_64.npy,3,id01112
spectrograms/sample_65.npy,3,id01112
spectrograms/sample_66.npy,3,id01112
spectrograms/sample_67.npy,3,id01112
spectrograms/sample_68.npy,3,id01112
spectrograms/sample_69.npy,3,id01112
spectrograms/sample_70.npy,3,id01112
spectrograms/sample_71.npy,3,id01112
spectrograms/sample_72.npy,3,id01112
spectrograms/sample_73.npy,3,id01112
spectrograms/sample_74.npy,3,id01112
spectrograms/sample_75.npy,3,id01112
spectrograms/sample_76.npy,3,id01112
spectrograms/sample_77.npy,3,id01112
spectrograms/sample_78.npy,3,id01112
spectrograms/sample_79.npy,3,id01112
spectrograms/sample_80.npy,4,id07974
spectrograms/sample_81.npy,4,id07974
spectrograms/sample_82.npy,4,id07974
spectrograms/sample_83.npy,4,id07974
spectrograms/sample_84.npy,4,id07974
spectrograms/sample_85.npy,4,id07974
spectrograms/sample_86.npy,4,id07974
spectrograms/sample_87.npy,4,id07974
spectrograms/sample_88.npy,4,id07974
spectrograms/sample_89.npy,4,id07974
spectrograms/sample_90.npy,4,id07974
spectrograms/sample_91.npy,4,id07974
spectrograms/sample_92.npy,4,id07974
spectrograms/sample_93.npy,4,id07974
spectrograms/sample_94.npy,4,id07974
spectrograms/sample_95.npy,4,id07974
spectrograms/sample_96.npy,4,id07974
spectrograms/sample_97.npy,4,id07974
spectrograms/sample_98.npy,4,id07974
spectrograms/sample_99.npy,4,id07974
spectrograms/sample_100.npy,5,id02888
spectrograms/sample_101.npy,5,id02888
spectrograms/sample_102.npy,5,id02888
spectrograms/sample_103.npy,5,id02888
spectrograms/sample_104.npy,5,id02888
spectrograms/sample_105.npy,5,id02888
spectrograms/sample_106.npy,5,id02888
spectrograms/sample_107.npy,5,id02888
spectrograms/sample_108.npy,5,id02888
spectrograms/sample_109.npy,5,id02888
spectrograms/sample_110.npy,5,id02888
spectrograms/sample_111.npy,5,id02888
spectrograms/sample_112.npy,5,id02888
spectrograms/sample_113.npy,5,id02888
spectrograms/sample_114.npy,5,id02888
spectrograms/sample_115.npy,5,id02888
spectrograms/sample_116.npy,5,id02888
spectrograms/sample_117.npy,5,id02888
spectrograms/sample_118.npy,5,id02888
spectrograms/sample_119.npy,5,id02888
spectrograms/sample_120.npy,6,id00475
spectrograms/sample_121.npy,6,id00475
spectrograms/sample_122.npy,6,id00475
spectrograms/sample_123.npy,6,id00475
spectrograms/sample_124.npy,6,id00475
spectrograms/sample_125.npy,6,id00475
spectrograms/sample_126.npy,6,id00475
spectrograms/sample_127.npy,6,id00475
spectrograms/sample_128.npy,6,id00475
spectrograms/sample_129.npy,6,id00475
spectrograms/sample_130.npy,6,id00475
spectrograms/sample_131.npy,6,id00475
spectrograms/sample_132.npy,6,id00475
spectrograms/sample_133.npy,6,id00475
spectrograms/sample_134.npy,6,id00475
spectrograms/sample_135.npy,6,id00475
spectrograms/sample_136.npy,6,id00475
spectrograms/sample_137.npy,6,id00475
spectrograms/sample_138.npy,6,id00475
spectrograms/sample_139.npy,6,id00475
spectrograms/sample_140.npy,7,id08470
spectrograms/sample_141.npy,7,id08470
spectrograms/sample_142.npy,7,id08470
spectrograms/sample_143.npy,7,id08470
spectrograms/sample_144.npy,7,id08470
spectrograms/sample_145.npy,7,id08470
spectrograms/sample_146.npy,7,id08470
spectrograms/sample_147.npy,7,id08470
spectrograms/sample_148.npy,7,id08470
spectrograms/sample_149.npy,7,id08470
spectrograms/sample_150.npy,7,id08470
spectrograms/sample_151.npy,7,id08470
spectrograms/sample_152.npy,7,id08470
spectrograms/sample_153.npy,7,id08470
spectrograms/sample_154.npy,7,id08470
spectrograms/sample_155.npy,7,id08470
spectrograms/sample_156.npy,7,id08470
spectrograms/sample_157.npy,7,id08470
spectrograms/sample_158.npy,7,id08470
spectrograms/sample_159.npy,7,id08470
spectrograms/sample_160.npy,8,id04460
spectrograms/sample_161.npy,8,id04460
spectrograms/sample_162.npy,8,id04460
spectrograms/sample_163.npy,8,id04460
spectrograms/sample_164.npy,8,id04460
spectrograms/sample_165.npy,8,id04460
spectrograms/sample_166.npy,8,id04460
spectrograms/sample_167.npy,8,id04460
spectrograms/sample_168.npy,8,id04460
spectrograms/sample_169.npy,8,id04460
spectrograms/sample_170.npy,8,id04460
spectrograms/sample_171.npy,8,id04460
spectrograms/sample_172.npy,8,id04460
spectrograms/sample_173.npy,8,id04460
spectrograms/sample_174.npy,8,id04460
spectrograms/sample_175.npy,8,id04460
spectrograms/sample_176.npy,8,id04460
spectrograms/sample_177.npy,8,id04460
spectrograms/sample_178.npy,8,id04460
spectrograms/sample_179.npy,8,id04460
spectrograms/sample_180.npy,9,id02821
spectrograms/sample_181.npy,9,id02821
spectrograms/sample_182.npy,9,id02821
spectrograms/sample_183.npy,9,id02821
spectrograms/sample_184.npy,9,id02821
spectrograms/sample_185.npy,9,id02821
spectrograms/sample_186.npy,9,id02821
spectrograms/sample_187.npy,9,id02821
spectrograms/sample_188.npy,9,id02821
spectrograms/sample_189.npy,9,id02821
spectrograms/sample_190.npy,9,id02821
spectrograms/sample_191.npy,9,id02821
spectrograms/sample_192.npy,9,id02821
spectrograms/sample_193.npy,9,id02821
spectrograms/sample_194.npy,9,id02821
spectrograms/sample_195.npy,9,id02821
spectrograms/sample_196.npy,9,id02821
spectrograms/sample_197.npy,9,id02821
spectrograms/sample_198.npy,9,id02821
spectrograms/sample_199.npy,9,id02821
spectrograms/sample_200.npy,10,id09038
spectrograms/sample_201.npy,10,id09038
spectrograms/sample_202.npy,10,id09038
spectrograms/sample_203.npy,10,id09038
spectrograms/sample_204.npy,10,id09038
spectrograms/sample_205.npy,10,id09038
spectrograms/sample_206.npy,10,id09038
spectrograms/sample_207.npy,10,id09038
spectrograms/sample_208.npy,10,id09038
spectrograms/sample_209.npy,10,id09038
spectrograms/sample_210.npy,10,id09038
spectrograms/sample_211.npy,10,id09038
spectrograms/sample_212.npy,10,id09038
spectrograms/sample_213.npy,10,id09038
spectrograms/sample_214.npy,10,id09038
spectrograms/sample_215.npy,10,id09038
spectrograms/sample_216.npy,10,id09038
spectrograms/sample_217.npy,10,id09038
spectrograms/sample_218.npy,10,id09038
spectrograms/sample_219.npy,10,id09038
spectrograms/sample_220.npy,11,id08839
spectrograms/sample_221.npy,11,id08839
spectrograms/sample_222.npy,11,id08839
spectrograms/sample_223.npy,11,id08839
spectrograms/sample_224.npy,11,id08839
spectrograms/sample_225.npy,11,id08839
spectrograms/sample_226.npy,11,id08839
spectrograms/sample_227.npy,11,id08839
spectrograms/sample_228.npy,11,id08839
spectrograms/sample_229.npy,11,id08839
spectrograms/sample_230.npy,11,id08839
spectrograms/sample_231.npy,11,id08839
spectrograms/sample_232.npy,11,id08839
spectrograms/sample_233.npy,11,id08839
spectrograms/sample_234.npy,11,id08839
spectrograms/sample_235.npy,11,id08839
spectrograms/sample_236.npy,11,id08839
spectrograms/sample_237.npy,11,id08839
spectrograms/sample_238.npy,11,id08839
spectrograms/sample_239.npy,11,id08839
spectrograms/sample_240.npy,12,id01070
spectrograms/sample_241.npy,12,id01070
spectrograms/sample_242.npy,12,id01070
spectrograms/sample_243.npy,12,id01070
spectrograms/sample_244.npy,12,id01070
spectrograms/sample_245.npy,12,id01070
spectrograms/sample_246.npy,12,id01070
spectrograms/sample_247.npy,12,id01070
spectrograms/sample_248.npy,12,id01070
spectrograms/sample_249.npy,12,id01070
spectrograms/sample_250.npy,12,id01070
spectrograms/sample_251.npy,12,id01070
spectrograms/sample_252.npy,12,id01070
spectrograms/sample_253.npy,12,id01070
spectrograms/sample_254.npy,12,id01070
spectrograms/sample_255.npy,12,id01070
spectrograms/sample_256.npy,12,id01070
spectrograms/sample_257.npy,12,id01070
spectrograms/sample_258.npy,12,id01070
spectrograms/sample_259.npy,12,id01070
spectrograms/sample_260.npy,13,id07053
spectrograms/sample_261.npy,13,id07053
spectrograms/sample_262.npy,13,id07053
spectrograms/sample_263.npy,13,id07053
spectrograms/sample_264.npy,13,id07053
spectrograms/sample_265.npy,13,id07053
spectrograms/sample_266.npy,13,id07053
spectrograms/sample_267.npy,13,id07053
spectrograms/sample_268.npy,13,id07053
spectrograms/sample_269.npy,13,id07053
spectrograms/sample_270.npy,13,id07053
spectrograms/sample_271.npy,13,id07053
spectrograms/sample_272.npy,13,id07053
spectrograms/sample_273.npy,13,id07053
spectrograms/sample_274.npy,13,id07053
spectrograms/sample_275.npy,13,id07053
spectrograms/sample_276.npy,13,id07053
spectrograms/sample_277.npy,13,id07053
spectrograms/sample_278.npy,13,id07053
spectrograms/sample_279.npy,13,id07053
spectrograms/sample_280.npy,14,id03509
spectrograms/sample_281.npy,14,id03509
spectrograms/sample_282.npy,14,id03509
spectrograms/sample_283.npy,14,id03509
spectrograms/sample_284.npy,14,id03509
spectrograms/sample_285.npy,14,id03509
spectrograms/sample_286.npy,14,id03509
spectrograms/sample_287.npy,14,id03509
spectrograms/sample_288.npy,14,id03509
spectrograms/sample_289.npy,14,id03509
spectrograms/sample_290.npy,14,id03509
spectrograms/sample_291.npy,14,id03509
spectrograms/sample_292.npy,14,id03509
spectrograms/sample_293.npy,14,id03509
spectrograms/sample_294.npy,14,id03509
spectrograms/sample_295.npy,14,id03509
spectrograms/sample_296.npy,14,id03509
spectrograms/sample_297.npy,14,id03509
spectrograms/sample_298.npy,14,id03509
spectrograms/sample_299.npy,14,id03509
spectrograms/sample_300.npy,15,id01611
spectrograms/sample_301.npy,15,id01611
spectrograms/sample_302.npy,15,id01611
spectrograms/sample_303.npy,15,id01611
spectrograms/sample_304.npy,15,id01611
spectrograms/sample_305.npy,15,id01611
spectrograms/sample_306.npy,15,id01611
spectrograms/sample_307.npy,15,id01611
spectrograms/sample_308.npy,15,id01611
spectrograms/sample_309.npy,15,id01611
spectrograms/sample_310.npy,15,id01611
spectrograms/sample_311.npy,15,id01611
spectrograms/sample_312.npy,15,id01611
spectrograms/sample_313.npy,15,id01611
spectrograms/sample_314.npy,15,id01611
spectrograms/sample_315.npy,15,id01611
spectrograms/sample_316.npy,15,id01611
spectrograms/sample_317.npy,15,id01611
spectrograms/sample_318.npy,15,id01611
spectrograms/sample_319.npy,15,id01611
spectrograms/sample_320.npy,16,id00251
spectrograms/sample_321.npy,16,id00251
spectrograms/sample_322.npy,16,id00251
spectrograms/sample_323.npy,16,id00251
spectrograms/sample_324.npy,16,id00251
spectrograms/sample_325.npy,16,id00251
spectrograms/sample_326.npy,16,id00251
spectrograms/sample_327.npy,16,id00251
spectrograms/sample_328.npy,16,id00251
spectrograms/sample_329.npy,16,id00251
spectrograms/sample_330.npy,16,id00251
spectrograms/sample_331.npy,16,id00251
spectrograms/sample_332.npy,16,id00251
spectrograms/sample_333.npy,16,id00251
spectrograms/sample_334.npy,16,id00251
spectrograms/sample_335.npy,16,id00251
spectrograms/sample_336.npy,16,id00251
spectrograms/sample_337.npy,16,id00251
spectrograms/sample_338.npy,16,id00251
spectrograms/sample_339.npy,16,id00251
spectrograms/sample_340.npy,17,id05535
spectrograms/sample_341.npy,17,id05535
spectrograms/sample_342.npy,17,id05535
spectrograms/sample_343.npy,17,id05535
spectrograms/sample_344.npy,17,id05535
spectrograms/sample_345.npy,17,id05535
spectrograms/sample_346.npy,17,id05535
spectrograms/sample_347.npy,17,id05535
spectrograms/sample_348.npy,17,id05535
spectrograms/sample_349.npy,17,id05535
spectrograms/sample_350.npy,17,id05535
spectrograms/sample_351.npy,17,id05535
spectrograms/sample_352.npy,17,id05535
spectrograms/sample_353.npy,17,id05535
spectrograms/sample_354.npy,17,id05535
spectrograms/sample_355.npy,17,id05535
spectrograms/sample_356.npy,17,id05535
spectrograms/sample_357.npy,17,id05535
spectrograms/sample_358.npy,17,id05535
spectrograms/sample_359.npy,17,id05535
spectrograms/sample_360.npy,18,id08746
spectrograms/sample_361.npy,18,id08746
spectrograms/sample_362.npy,18,id08746
spectrograms/sample_363.npy,18,id08746
spectrograms/sample_364.npy,18,id08746
spectrograms/sample_365.npy,18,id08746
spectrograms/sample_366.npy,18,id08746
spectrograms/sample_367.npy,18,id08746
spectrograms/sample_368.npy,18,id08746
spectrograms/sample_369.npy,18,id08746
spectrograms/sample_370.npy,18,id08746
spectrograms/sample_371.npy,18,id08746
spectrograms/sample_372.npy,18,id08746
spectrograms/sample_373.npy,18,id08746
spectrograms/sample_374.npy,18,id08746
spectrograms/sample_375.npy,18,id08746
spectrograms/sample_376.npy,18,id08746
spectrograms/sample_377.npy,18,id08746
spectrograms/sample_378.npy,18,id08746
spectrograms/sample_379.npy,18,id08746
spectrograms/sample_380.npy,19,id01641
spectrograms/sample_381.npy,19,id01641
spectrograms/sample_382.npy,19,id01641
spectrograms/sample_383.npy,19,id01641
spectrograms/sample_384.npy,19,id01641
spectrograms/sample_385.npy,19,id01641
spectrograms/sample_386.npy,19,id01641
spectrograms/sample_387.npy,19,id01641
spectrograms/sample_388.npy,19,id01641
spectrograms/sample_389.npy,19,id01641
spectrograms/sample_390.npy,19,id01641
spectrograms/sample_391.npy,19,id01641
spectrograms/sample_392.npy,19,id01641
spectrograms/sample_393.npy,19,id01641
spectrograms/sample_394.npy,19,id01641
spectrograms/sample_395.npy,19,id01641
spectrograms/sample_396.npy,19,id01641
spectrograms/sample_397.npy,19,id01641
spectrograms/sample_398.npy,19,id01641
spectrograms/sample_399.npy,19,id01641
spectrograms/sample_400.npy,20,id01840
spectrograms/sample_401.npy,20,id01840
spectrograms/sample_402.npy,20,id01840
spectrograms/sample_403.npy,20,id01840
spectrograms/sample_404.npy,20,id01840
spectrograms/sample_405.npy,20,id01840
spectrograms/sample_406.npy,20,id01840
spectrograms/sample_407.npy,20,id01840
spectrograms/sample_408.npy,20,id01840
spectrograms/sample_409.npy,20,id01840
spectrograms/sample_410.npy,20,id01840
spectrograms/sample_411.npy,20,id01840
spectrograms/sample_412.npy,20,id01840
spectrograms/sample_413.npy,20,id01840
spectrograms/sample_414.npy,20,id01840
spectrograms/sample_415.npy,20,id01840
spectrograms/sample_416.npy,20,id01840
spectrograms/sample_417.npy,20,id01840
spectrograms/sample_418.npy,20,id01840
spectrograms/sample_419.npy,20,id01840
spectrograms/sample_420.npy,21,id03088
spectrograms/sample_421.npy,21,id03088
spectrograms/sample_422.npy,21,id03088
spectrograms/sample_423.npy,21,id03088
spectrograms/sample_424.npy,21,id03088
spectrograms/sample_425.npy,21,id03088
spectrograms/sample_426.npy,21,id03088
spectrograms/sample_427.npy,21,id03088
spectrograms/sample_428.npy,21,id03088
spectrograms/sample_429.npy,21,id03088
spectrograms/sample_430.npy,21,id03088
spectrograms/sample_431.npy,21,id03088
spectrograms/sample_432.npy,21,id03088
spectrograms/sample_433.npy,21,id03088
spectrograms/sample_434.npy,21,id03088
spectrograms/sample_435.npy,21,id03088
spectrograms/sample_436.npy,21,id03088
spectrograms/sample_437.npy,21,id03088
spectrograms/sample_438.npy,21,id03088
spectrograms/sample_439.npy,21,id03088
spectrograms/sample_440.npy,22,id08607
spectrograms/sample_441.npy,22,id08607
spectrograms/sample_442.npy,22,id08607
spectrograms/sample_443.npy,22,id08607
spectrograms/sample_444.npy,22,id08607
spectrograms/sample_445.npy,22,id08607
spectrograms/sample_446.npy,22,id08607
spectrograms/sample_447.npy,22,id08607
spectrograms/sample_448.npy,22,id08607
spectrograms/sample_449.npy,22,id08607
spectrograms/sample_450.npy,22,id08607
spectrograms/sample_451.npy,22,id08607
spectrograms/sample_452.npy,22,id08607
spectrograms/sample_453.npy,22,id08607
spectrograms/sample_454.npy,22,id08607
spectrograms/sample_455.npy,22,id08607
spectrograms/sample_456.npy,22,id08607
spectrograms/sample_457.npy,22,id08607
spectrograms/sample_458.npy,22,id08607
spectrograms/sample_459.npy,22,id08607
spectrograms/sample_460.npy,23,id00670
spectrograms/sample_461.npy,23,id00670
spectrograms/sample_462.npy,23,id00670
spectrograms/sample_463.npy,23,id00670
spectrograms/sample_464.npy,23,id00670
spectrograms/sample_465.npy,23,id00670
spectrograms/sample_466.npy,23,id00670
spectrograms/sample_467.npy,23,id00670
spectrograms/sample_468.npy,23,id00670
spectrograms/sample_469.npy,23,id00670
spectrograms/sample_470.npy,23,id00670
spectrograms/sample_471.npy,23,id00670
spectrograms/sample_472.npy,23,id00670
spectrograms/sample_473.npy,23,id00670
spectrograms/sample_474.npy,23,id00670
spectrograms/sample_475.npy,23,id00670
spectrograms/sample_476.npy,23,id00670
spectrograms/sample_477.npy,23,id00670
spectrograms/sample_478.npy,23,id00670
spectrograms/sample_479.npy,23,id00670
spectrograms/sample_480.npy,24,id02939
spectrograms/sample_481.npy,24,id02939
spectrograms/sample_482.npy,24,id02939
spectrograms/sample_483.npy,24,id02939
spectrograms/sample_484.npy,24,id02939
spectrograms/sample_485.npy,24,id02939
spectrograms/sample_486.npy,24,id02939
spectrograms/sample_487.npy,24,id02939
spectrograms/sample_488.npy,24,id02939
spectrograms/sample_489.npy,24,id02939
spectrograms/sample_490.npy,24,id02939
spectrograms/sample_491.npy,24,id02939
spectrograms/sample_492.npy,24,id02939
spectrograms/sample_493.npy,24,id02939
spectrograms/sample_494.npy,24,id02939
spectrograms/sample_495.npy,24,id02939
spectrograms/sample_496.npy,24,id02939
spectrograms/sample_497.npy,24,id02939
spectrograms/sample_498.npy,24,id02939
spectrograms/sample_499.npy,24,id02939
spectrograms/sample_500.npy,25,id07954
spectrograms/sample_501.npy,25,id07954
spectrograms/sample_502.npy,25,id07954
spectrograms/sample_503.npy,25,id07954
spectrograms/sample_504.npy,25,id07954
spectrograms/sample_505.npy,25,id07954
spectrograms/sample_506.npy,25,id07954
spectrograms/sample_507.npy,25,id07954
spectrograms/sample_508.npy,25,id07954
spectrograms/sample_509.npy,25,id07954
spectrograms/sample_510.npy,25,id07954
spectrograms/sample_511.npy,25,id07954
spectrograms/sample_512.npy,25,id07954
spectrograms/sample_513.npy,25,id07954
spectrograms/sample_514.npy,25,id07954
spectrograms/sample_515.npy,25,id07954
spectrograms/sample_516.npy,25,id07954
spectrograms/sample_517.npy,25,id07954
spectrograms/sample_518.npy,25,id07954
spectrograms/sample_519.npy,25,id07954
spectrograms/sample_520.npy,26,id03329
spectrograms/sample_521.npy,26,id03329
spectrograms/sample_522.npy,26,id03329
spectrograms/sample_523.npy,26,id03329
spectrograms/sample_524.npy,26,id03329
spectrograms/sample_525.npy,26,id03329
spectrograms/sample_526.npy,26,id03329
spectrograms/sample_527.npy,26,id03329
spectrograms/sample_528.npy,26,id03329
spectrograms/sample_529.npy,26,id03329
spectrograms/sample_530.npy,26,id03329
spectrograms/sample_531.npy,26,id03329
spectrograms/sample_532.npy,26,id03329
spectrograms/sample_533.npy,26,id03329
spectrograms/sample_534.npy,26,id03329
spectrograms/sample_535.npy,26,id03329
spectrograms/sample_536.npy,26,id03329
spectrograms/sample_537.npy,26,id03329
spectrograms/sample_538.npy,26,id03329
spectrograms/sample_539.npy,26,id03329
spectrograms/sample_540.npy,27,id06596
spectrograms/sample_541.npy,27,id06596
spectrograms/sample_542.npy,27,id06596
spectrograms/sample_543.npy,27,id06596
spectrograms/sample_544.npy,27,id06596
spectrograms/sample_545.npy,27,id06596
spectrograms/sample_546.npy,27,id06596
spectrograms/sample_547.npy,27,id06596
spectrograms/sample_548.npy,27,id06596
spectrograms/sample_549.npy,27,id06596
spectrograms/sample_550.npy,27,id06596
spectrograms/sample_551.npy,27,id06596
spectrograms/sample_552.npy,27,id06596
spectrograms/sample_553.npy,27,id06596
spectrograms/sample_554.npy,27,id06596
spectrograms/sample_555.npy,27,id06596
spectrograms/sample_556.npy,27,id06596
spectrograms/sample_557.npy,27,id06596
spectrograms/sample_558.npy,27,id06596
spectrograms/sample_559.npy,27,id06596
spectrograms/sample_560.npy,28,id05614
spectrograms/sample_561.npy,28,id05614
spectrograms/sample_562.npy,28,id05614
spectrograms/sample_563.npy,28,id05614
spectrograms/sample_564.npy,28,id05614
spectrograms/sample_565.npy,28,id05614
spectrograms/sample_566.npy,28,id05614
spectrograms/sample_567.npy,28,id05614
spectrograms/sample_568.npy,28,id05614
spectrograms/sample_569.npy,28,id05614
spectrograms/sample_570.npy,28,id05614
spectrograms/sample_571.npy,28,id05614
spectrograms/sample_572.npy,28,id05614
spectrograms/sample_573.npy,28,id05614
spectrograms/sample_574.npy,28,id05614
spectrograms/sample_575.npy,28,id05614
spectrograms/sample_576.npy,28,id05614
spectrograms/sample_577.npy,28,id05614
spectrograms/sample_578.npy,28,id05614
spectrograms/sample_579.npy,28,id05614
spectrograms/sample_580.npy,29,id05516
spectrograms/sample_581.npy,29,id05516
spectrograms/sample_582.npy,29,id05516
spectrograms/sample_583.npy,29,id05516
spectrograms/sample_584.npy,29,id05516
spectrograms/sample_585.npy,29,id05516
spectrograms/sample_586.npy,29,id05516
spectrograms/sample_587.npy,29,id05516
spectrograms/sample_588.npy,29,id05516
spectrograms/sample_589.npy,29,id05516
spectrograms/sample_590.npy,29,id05516
spectrograms/sample_591.npy,29,id05516
spectrograms/sample_592.npy,29,id05516
spectrograms/sample_593.npy,29,id05516
spectrograms/sample_594.npy,29,id05516
spectrograms/sample_595.npy,29,id05516
spectrograms/sample_596.npy,29,id05516
spectrograms/sample_597.npy,29,id05516
spectrograms/sample_598.npy,29,id05516
spectrograms/sample_599.npy,29,id05516
spectrograms/sample_600.npy,30,id05693
spectrograms/sample_601.npy,30,id05693
spectrograms/sample_602.npy,30,id05693
spectrograms/sample_603.npy,30,id05693
spectrograms/sample_604.npy,30,id05693
spectrograms/sample_605.npy,30,id05693
spectrograms/sample_606.npy,30,id05693
spectrograms/sample_607.npy,30,id05693
spectrograms/sample_608.npy,30,id05693
spectrograms/sample_609.npy,30,id05693
spectrograms/sample_610.npy,30,id05693
spectrograms/sample_611.npy,30,id05693
spectrograms/sample_612.npy,30,id05693
spectrograms/sample_613.npy,30,id05693
spectrograms/sample_614.npy,30,id05693
spectrograms/sample_615.npy,30,id05693
spectrograms/sample_616.npy,30,id05693
spectrograms/sample_617.npy,30,id05693
spectrograms/sample_618.npy,30,id05693
spectrograms/sample_619.npy,30,id05693
spectrograms/sample_620.npy,31,id09075
spectrograms/sample_621.npy,31,id09075
spectrograms/sample_622.npy,31,id09075
spectrograms/sample_623.npy,31,id09075
spectrograms/sample_624.npy,31,id09075
spectrograms/sample_625.npy,31,id09075
spectrograms/sample_626.npy,31,id09075
spectrograms/sample_627.npy,31,id09075
spectrograms/sample_628.npy,31,id09075
spectrograms/sample_629.npy,31,id09075
spectrograms/sample_630.npy,31,id09075
spectrograms/sample_631.npy,31,id09075
spectrograms/sample_632.npy,31,id09075
spectrograms/sample_633.npy,31,id09075
spectrograms/sample_634.npy,31,id09075
spectrograms/sample_635.npy,31,id09075
spectrograms/sample_636.npy,31,id09075
spectrograms/sample_637.npy,31,id09075
spectrograms/sample_638.npy,31,id09075
spectrograms/sample_639.npy,31,id09075
spectrograms/sample_640.npy,32,id07983
spectrograms/sample_641.npy,32,id07983
spectrograms/sample_642.npy,32,id07983
spectrograms/sample_643.npy,32,id07983
spectrograms/sample_644.npy,32,id07983
spectrograms/sample_645.npy,32,id07983
spectrograms/sample_646.npy,32,id07983
spectrograms/sample_647.npy,32,id07983
spectrograms/sample_648.npy,32,id07983
spectrograms/sample_649.npy,32,id07983
spectrograms/sample_650.npy,32,id07983
spectrograms/sample_651.npy,32,id07983
spectrograms/sample_652.npy,32,id07983
spectrograms/sample_653.npy,32,id07983
spectrograms/sample_654.npy,32,id07983
spectrograms/sample_655.npy,32,id07983
spectrograms/sample_656.npy,32,id07983
spectrograms/sample_657.npy,32,id07983
spectrograms/sample_658.npy,32,id07983
spectrograms/sample_659.npy,32,id07983
spectrograms/sample_660.npy,33,id03672
spectrograms/sample_661.npy,33,id03672
spectrograms/sample_662.npy,33,id03672
spectrograms/sample_663.npy,33,id03672
spectrograms/sample_664.npy,33,id03672
spectrograms/sample_665.npy,33,id03672
spectrograms/sample_666.npy,33,id03672
spectrograms/sample_667.npy,33,id03672
spectrograms/sample_668.npy,33,id03672
spectrograms/sample_669.npy,33,id03672
spectrograms/sample_670.npy,33,id03672
spectrograms/sample_671.npy,33,id03672
spectrograms/sample_672.npy,33,id03672
spectrograms/sample_673.npy,33,id03672
spectrograms/sample_674.npy,33,id03672
spectrograms/sample_675.npy,33,id03672
spectrograms/sample_676.npy,33,id03672
spectrograms/sample_677.npy,33,id03672
spectrograms/sample_678.npy,33,id03672
spectrograms/sample_679.npy,33,id03672
spectrograms/sample_680.npy,34,id06138
spectrograms/sample_681.npy,34,id06138
spectrograms/sample_682.npy,34,id06138
spectrograms/sample_683.npy,34,id06138
spectrograms/sample_684.npy,34,id06138
spectrograms/sample_685.npy,34,id06138
spectrograms/sample_686.npy,34,id06138
spectrograms/sample_687.npy,34,id06138
spectrograms/sample_688.npy,34,id06138
spectrograms/sample_689.npy,34,id06138
spectrograms/sample_690.npy,34,id06138
spectrograms/sample_691.npy,34,id06138
spectrograms/sample_692.npy,34,id06138
spectrograms/sample_693.npy,34,id06138
spectrograms/sample_694.npy,34,id06138
spectrograms/sample_695.npy,34,id06138
spectrograms/sample_696.npy,34,id06138
spectrograms/sample_697.npy,34,id06138
spectrograms/sample_698.npy,34,id06138
spectrograms/sample_699.npy,34,id06138
spectrograms/sample_700.npy,35,id01536
spectrograms/sample_701.npy,35,id01536
spectrograms/sample_702.npy,35,id01536
spectrograms/sample_703.npy,35,id01536
spectrograms/sample_704.npy,35,id01536
spectrograms/sample_705.npy,35,id01536
spectrograms/sample_706.npy,35,id01536
spectrograms/sample_707.npy,35,id01536
spectrograms/sample_708.npy,35,id01536
spectrograms/sample_709.npy,35,id01536
spectrograms/sample_710.npy,35,id01536
spectrograms/sample_711.npy,35,id01536
spectrograms/sample_712.npy,35,id01536
spectrograms/sample_713.npy,35,id01536
spectrograms/sample_714.npy,35,id01536
spectrograms/sample_715.npy,35,id01536
spectrograms/sample_716.npy,35,id01536
spectrograms/sample_717.npy,35,id01536
spectrograms/sample_718.npy,35,id01536
spectrograms/sample_719.npy,35,id01536
spectrograms/sample_720.npy,36,id06199
spectrograms/sample_721.npy,36,id06199
spectrograms/sample_722.npy,36,id06199
spectrograms/sample_723.npy,36,id06199
spectrograms/sample_724.npy,36,id06199
spectrograms/sample_725.npy,36,id06199
spectrograms/sample_726.npy,36,id06199
spectrograms/sample_727.npy,36,id06199
spectrograms/sample_728.npy,36,id06199
spectrograms/sample_729.npy,36,id06199
spectrograms/sample_730.npy,36,id06199
spectrograms/sample_731.npy,36,id06199
spectrograms/sample_732.npy,36,id06199
spectrograms/sample_733.npy,36,id06199
spectrograms/sample_734.npy,36,id06199
spectrograms/sample_735.npy,36,id06199
spectrograms/sample_736.npy,36,id06199
spectrograms/sample_737.npy,36,id06199
spectrograms/sample_738.npy,36,id06199
spectrograms/sample_739.npy,36,id06199
spectrograms/sample_740.npy,37,id07491
spectrograms/sample_741.npy,37,id07491
spectrograms/sample_742.npy,37,id07491
spectrograms/sample_743.npy,37,id07491
spectrograms/sample_744.npy,37,id07491
spectrograms/sample_745.npy,37,id07491
spectrograms/sample_746.npy,37,id07491
spectrograms/sample_747.npy,37,id07491
spectrograms/sample_748.npy,37,id07491
spectrograms/sample_749.npy,37,id07491
spectrograms/sample_750.npy,37,id07491
spectrograms/sample_751.npy,37,id07491
spectrograms/sample_752.npy,37,id07491
spectrograms/sample_753.npy,37,id07491
spectrograms/sample_754.npy,37,id07491
spectrograms/sample_755.npy,37,id07491
spectrograms/sample_756.npy,37,id07491
spectrograms/sample_757.npy,37,id07491
spectrograms/sample_758.npy,37,id07491
spectrograms/sample_759.npy,37,id07491
spectrograms/sample_760.npy,38,id08713
spectrograms/sample_761.npy,38,id08713
spectrograms/sample_762.npy,38,id08713
spectrograms/sample_763.npy,38,id08713
spectrograms/sample_764.npy,38,id08713
spectrograms/sample_765.npy,38,id08713
spectrograms/sample_766.npy,38,id08713
spectrograms/sample_767.npy,38,id08713
spectrograms/sample_768.npy,38,id08713
spectrograms/sample_769.npy,38,id08713
spectrograms/sample_770.npy,38,id08713
spectrograms/sample_771.npy,38,id08713
spectrograms/sample_772.npy,38,id08713
spectrograms/sample_773.npy,38,id08713
spectrograms/sample_774.npy,38,id08713
spectrograms/sample_775.npy,38,id08713
spectrograms/sample_776.npy,38,id08713
spectrograms/sample_777.npy,38,id08713
spectrograms/sample_778.npy,38,id08713
spectrograms/sample_779.npy,38,id08713
spectrograms/sample_780.npy,39,id08906
spectrograms/sample_781.npy,39,id08906
spectrograms/sample_782.npy,39,id08906
spectrograms/sample_783.npy,39,id08906
spectrograms/sample_784.npy,39,id08906
spectrograms/sample_785.npy,39,id08906
spectrograms/sample_786.npy,39,id08906
spectrograms/sample_787.npy,39,id08906
spectrograms/sample_788.npy,39,id08906
spectrograms/sample_789.npy,39,id08906
spectrograms/sample_790.npy,39,id08906
spectrograms/sample_791.npy,39,id08906
spectrograms/sample_792.npy,39,id08906
spectrograms/sample_793.npy,39,id08906
spectrograms/sample_794.npy,39,id08906
spectrograms/sample_795.npy,39,id08906
spectrograms/sample_796.npy,39,id08906
spectrograms/sample_797.npy,39,id08906
spectrograms/sample_798.npy,39,id08906
spectrograms/sample_799.npy,39,id08906
spectrograms/sample_800.npy,40,id08251
spectrograms/sample_801.npy,40,id08251
spectrograms/sample_802.npy,40,id08251
spectrograms/sample_803.npy,40,id08251
spectrograms/sample_804.npy,40,id08251
spectrograms/sample_805.npy,40,id08251
spectrograms/sample_806.npy,40,id08251
spectrograms/sample_807.npy,40,id08251
spectrograms/sample_808.npy,40,id08251
spectrograms/sample_809.npy,40,id08251
spectrograms/sample_810.npy,40,id08251
spectrograms/sample_811.npy,40,id08251
spectrograms/sample_812.npy,40,id08251
spectrograms/sample_813.npy,40,id08251
spectrograms/sample_814.npy,40,id08251
spectrograms/sample_815.npy,40,id08251
spectrograms/sample_816.npy,40,id08251
spectrograms/sample_817.npy,40,id08251
spectrograms/sample_818.npy,40,id08251
spectrograms/sample_819.npy,40,id08251
spectrograms/sample_820.npy,41,id01205
spectrograms/sample_821.npy,41,id01205
spectrograms/sample_822.npy,41,id01205
spectrograms/sample_823.npy,41,id01205
spectrograms/sample_824.npy,41,id01205
spectrograms/sample_825.npy,41,id01205
spectrograms/sample_826.npy,41,id01205
spectrograms/sample_827.npy,41,id01205
spectrograms/sample_828.npy,41,id01205
spectrograms/sample_829.npy,41,id01205
spectrograms/sample_830.npy,41,id01205
spectrograms/sample_831.npy,41,id01205
spectrograms/sample_832.npy,41,id01205
spectrograms/sample_833.npy,41,id01205
spectrograms/sample_834.npy,41,id01205
spectrograms/sample_835.npy,41,id01205
spectrograms/sample_836.npy,41,id01205
spectrograms/sample_837.npy,41,id01205
spectrograms/sample_838.npy,41,id01205
spectrograms/sample_839.npy,41,id01205
spectrograms/sample_840.npy,42,id08938
spectrograms/sample_841.npy,42,id08938
spectrograms/sample_842.npy,42,id08938
spectrograms/sample_843.npy,42,id08938
spectrograms/sample_844.npy,42,id08938
spectrograms/sample_845.npy,42,id08938
spectrograms/sample_846.npy,42,id08938
spectrograms/sample_847.npy,42,id08938
spectrograms/sample_848.npy,42,id08938
spectrograms/sample_849.npy,42,id08938
spectrograms/sample_850.npy,42,id08938
spectrograms/sample_851.npy,42,id08938
spectrograms/sample_852.npy,42,id08938
spectrograms/sample_853.npy,42,id08938
spectrograms/sample_854.npy,42,id08938
spectrograms/sample_855.npy,42,id08938
spectrograms/sample_856.npy,42,id08938
spectrograms/sample_857.npy,42,id08938
spectrograms/sample_858.npy,42,id08938
spectrograms/sample_859.npy,42,id08938
spectrograms/sample_860.npy,43,id01100
spectrograms/sample_861.npy,43,id01100
spectrograms/sample_862.npy,43,id01100
spectrograms/sample_863.npy,43,id01100
spectrograms/sample_864.npy,43,id01100
spectrograms/sample_865.npy,43,id01100
spectrograms/sample_866.npy,43,id01100
spectrograms/sample_867.npy,43,id01100
spectrograms/sample_868.npy,43,id01100
spectrograms/sample_869.npy,43,id01100
spectrograms/sample_870.npy,43,id01100
spectrograms/sample_871.npy,43,id01100
spectrograms/sample_872.npy,43,id01100
spectrograms/sample_873.npy,43,id01100
spectrograms/sample_874.npy,43,id01100
spectrograms/sample_875.npy,43,id01100
spectrograms/sample_876.npy,43,id01100
spectrograms/sample_877.npy,43,id01100
spectrograms/sample_878.npy,43,id01100
spectrograms/sample_879.npy,43,id01100
spectrograms/sample_880.npy,44,id00937
spectrograms/sample_881.npy,44,id00937
spectrograms/sample_882.npy,44,id00937
spectrograms/sample_883.npy,44,id00937
spectrograms/sample_884.npy,44,id00937
spectrograms/sample_885.npy,44,id00937
spectrograms/sample_886.npy,44,id00937
spectrograms/sample_887.npy,44,id00937
spectrograms/sample_888.npy,44,id00937
spectrograms/sample_889.npy,44,id00937
spectrograms/sample_890.npy,44,id00937
spectrograms/sample_891.npy,44,id00937
spectrograms/sample_892.npy,44,id00937
spectrograms/sample_893.npy,44,id00937
spectrograms/sample_894.npy,44,id00937
spectrograms/sample_895.npy,44,id00937
spectrograms/sample_896.npy,44,id00937
spectrograms/sample_897.npy,44,id00937
spectrograms/sample_898.npy,44,id00937
spectrograms/sample_899.npy,44,id00937
spectrograms/sample_900.npy,45,id00984
spectrograms/sample_901.npy,45,id00984
spectrograms/sample_902.npy,45,id00984
spectrograms/sample_903.npy,45,id00984
spectrograms/sample_904.npy,45,id00984
spectrograms/sample_905.npy,45,id00984
spectrograms/sample_906.npy,45,id00984
spectrograms/sample_907.npy,45,id00984
spectrograms/sample_908.npy,45,id00984
spectrograms/sample_909.npy,45,id00984
spectrograms/sample_910.npy,45,id00984
spectrograms/sample_911.npy,45,id00984
spectrograms/sample_912.npy,45,id00984
spectrograms/sample_913.npy,45,id00984
spectrograms/sample_914.npy,45,id00984
spectrograms/sample_915.npy,45,id00984
spectrograms/sample_916.npy,45,id00984
spectrograms/sample_917.npy,45,id00984
spectrograms/sample_918.npy,45,id00984
spectrograms/sample_919.npy,45,id00984
spectrograms/sample_920.npy,46,id03996
spectrograms/sample_921.npy,46,id03996
spectrograms/sample_922.npy,46,id03996
spectrograms/sample_923.npy,46,id03996
spectrograms/sample_924.npy,46,id03996
spectrograms/sample_925.npy,46,id03996
spectrograms/sample_926.npy,46,id03996
spectrograms/sample_927.npy,46,id03996
spectrograms/sample_928.npy,46,id03996
spectrograms/sample_929.npy,46,id03996
spectrograms/sample_930.npy,46,id03996
spectrograms/sample_931.npy,46,id03996
spectrograms/sample_932.npy,46,id03996
spectrograms/sample_933.npy,46,id03996
spectrograms/sample_934.npy,46,id03996
spectrograms/sample_935.npy,46,id03996
spectrograms/sample_936.npy,46,id03996
spectrograms/sample_937.npy,46,id03996
spectrograms/sample_938.npy,46,id03996
spectrograms/sample_939.npy,46,id03996
spectrograms/sample_940.npy,47,id08955
spectrograms/sample_941.npy,47,id08955
spectrograms/sample_942.npy,47,id08955
spectrograms/sample_943.npy,47,id08955
spectrograms/sample_944.npy,47,id08955
spectrograms/sample_945.npy,47,id08955
spectrograms/sample_946.npy,47,id08955
spectrograms/sample_947.npy,47,id08955
spectrograms/sample_948.npy,47,id08955
spectrograms/sample_949.npy,47,id08955
spectrograms/sample_950.npy,47,id08955
spectrograms/sample_951.npy,47,id08955
spectrograms/sample_952.npy,47,id08955
spectrograms/sample_953.npy,47,id08955
spectrograms/sample_954.npy,47,id08955
spectrograms/sample_955.npy,47,id08955
spectrograms/sample_956.npy,47,id08955
spectrograms/sample_957.npy,47,id08955
spectrograms/sample_958.npy,47,id08955
spectrograms/sample_959.npy,47,id08955
spectrograms/sample_960.npy,48,id05660
spectrograms/sample_961.npy,48,id05660
spectrograms/sample_962.npy,48,id05660
spectrograms/sample_963.npy,48,id05660
spectrograms/sample_964.npy,48,id05660
spectrograms/sample_965.npy,48,id05660
spectrograms/sample_966.npy,48,id05660
spectrograms/sample_967.npy,48,id05660
spectrograms/sample_968.npy,48,id05660
spectrograms/sample_969.npy,48,id05660
spectrograms/sample_970.npy,48,id05660
spectrograms/sample_971.npy,48,id05660
spectrograms/sample_972.npy,48,id05660
spectrograms/sample_973.npy,48,id05660
spectrograms/sample_974.npy,48,id05660
spectrograms/sample_975.npy,48,id05660
spectrograms/sample_976.npy,48,id05660
spectrograms/sample_977.npy,48,id05660
spectrograms/sample_978.npy,48,id05660
spectrograms/sample_979.npy,48,id05660
spectrograms/sample_980.npy,49,id04614
spectrograms/sample_981.npy,49,id04614
spectrograms/sample_982.npy,49,id04614
spectrograms/sample_983.npy,49,id04614
spectrograms/sample_984.npy,49,id04614
spectrograms/sample_985.npy,49,id04614
spectrograms/sample_986.npy,49,id04614
spectrograms/sample_987.npy,49,id04614
spectrograms/sample_988.npy,49,id04614
spectrograms/sample_989.npy,49,id04614
spectrograms/sample_990.npy,49,id04614
spectrograms/sample_991.npy,49,id04614
spectrograms/sample_992.npy,49,id04614
spectrograms/sample_993.npy,49,id04614
spectrograms/sample_994.npy,49,id04614
spectrograms/sample_995.npy,49,id04614
spectrograms/sample_996.npy,49,id04614
spectrograms/sample_997.npy,49,id04614
spectrograms/sample_998.npy,49,id04614
spectrograms/sample_999.npy,49,id04614
spectrograms/sample_1000.npy,50,id07850
spectrograms/sample_1001.npy,50,id07850
spectrograms/sample_1002.npy,50,id07850
spectrograms/sample_1003.npy,50,id07850
spectrograms/sample_1004.npy,50,id07850
spectrograms/sample_1005.npy,50,id07850
spectrograms/sample_1006.npy,50,id07850
spectrograms/sample_1007.npy,50,id07850
spectrograms/sample_1008.npy,50,id07850
spectrograms/sample_1009.npy,50,id07850
spectrograms/sample_1010.npy,50,id07850
spectrograms/sample_1011.npy,50,id07850
spectrograms/sample_1012.npy,50,id07850
spectrograms/sample_1013.npy,50,id07850
spectrograms/sample_1014.npy,50,id07850
spectrograms/sample_1015.npy,50,id07850
spectrograms/sample_1016.npy,50,id07850
spectrograms/sample_1017.npy,50,id07850
spectrograms/sample_1018.npy,50,id07850
spectrograms/sample_1019.npy,50,id07850
spectrograms/sample_1020.npy,51,id01546
spectrograms/sample_1021.npy,51,id01546
spectrograms/sample_1022.npy,51,id01546
spectrograms/sample_1023.npy,51,id01546
spectrograms/sample_1024.npy,51,id01546
spectrograms/sample_1025.npy,51,id01546
spectrograms/sample_1026.npy,51,id01546
spectrograms/sample_1027.npy,51,id01546
spectrograms/sample_1028.npy,51,id01546
spectrograms/sample_1029.npy,51,id01546
spectrograms/sample_1030.npy,51,id01546
spectrograms/sample_1031.npy,51,id01546
spectrograms/sample_1032.npy,51,id01546
spectrograms/sample_1033.npy,51,id01546
spectrograms/sample_1034.npy,51,id01546
spectrograms/sample_1035.npy,51,id01546
spectrograms/sample_1036.npy,51,id01546
spectrograms/sample_1037.npy,51,id01546
spectrograms/sample_1038.npy,51,id01546
spectrograms/sample_1039.npy,51,id01546
spectrograms/sample_1040.npy,52,id07234
spectrograms/sample_1041.npy,52,id07234
spectrograms/sample_1042.npy,52,id07234
spectrograms/sample_1043.npy,52,id07234
spectrograms/sample_1044.npy,52,id07234
spectrograms/sample_1045.npy,52,id07234
spectrograms/sample_1046.npy,52,id07234
spectrograms/sample_1047.npy,52,id07234
spectrograms/sample_1048.npy,52,id07234
spectrograms/sample_1049.npy,52,id07234
spectrograms/sample_1050.npy,52,id07234
spectrograms/sample_1051.npy,52,id07234
spectrograms/sample_1052.npy,52,id07234
spectrograms/sample_1053.npy,52,id07234
spectrograms/sample_1054.npy,52,id07234
spectrograms/sample_1055.npy,52,id07234
spectrograms/sample_1056.npy,52,id07234
spectrograms/sample_1057.npy,52,id07234
spectrograms/sample_1058.npy,52,id07234
spectrograms/sample_1059.npy,52,id07234
spectrograms/sample_1060.npy,53,id01793
spectrograms/sample_1061.npy,53,id01793
spectrograms/sample_1062.npy,53,id01793
spectrograms/sample_1063.npy,53,id01793
spectrograms/sample_1064.npy,53,id01793
spectrograms/sample_1065.npy,53,id01793
spectrograms/sample_1066.npy,53,id01793
spectrograms/sample_1067.npy,53,id01793
spectrograms/sample_1068.npy,53,id01793
spectrograms/sample_1069.npy,53,id01793
spectrograms/sample_1070.npy,53,id01793
spectrograms/sample_1071.npy,53,id01793
spectrograms/sample_1072.npy,53,id01793
spectrograms/sample_1073.npy,53,id01793
spectrograms/sample_1074.npy,53,id01793
spectrograms/sample_1075.npy,53,id01793
spectrograms/sample_1076.npy,53,id01793
spectrograms/sample_1077.npy,53,id01793
spectrograms/sample_1078.npy,53,id01793
spectrograms/sample_1079.npy,53,id01793
spectrograms/sample_1080.npy,54,id06238
spectrograms/sample_1081.npy,54,id06238
spectrograms/sample_1082.npy,54,id06238
spectrograms/sample_1083.npy,54,id06238
spectrograms/sample_1084.npy,54,id06238
spectrograms/sample_1085.npy,54,id06238
spectrograms/sample_1086.npy,54,id06238
spectrograms/sample_1087.npy,54,id06238
spectrograms/sample_1088.npy,54,id06238
spectrograms/sample_1089.npy,54,id06238
spectrograms/sample_1090.npy,54,id06238
spectrograms/sample_1091.npy,54,id06238
spectrograms/sample_1092.npy,54,id06238
spectrograms/sample_1093.npy,54,id06238
spectrograms/sample_1094.npy,54,id06238
spectrograms/sample_1095.npy,54,id06238
spectrograms/sample_1096.npy,54,id06238
spectrograms/sample_1097.npy,54,id06238
spectrograms/sample_1098.npy,54,id06238
spectrograms/sample_1099.npy,54,id06238
spectrograms/sample_1100.npy,55,id08821
spectrograms/sample_1101.npy,55,id08821
spectrograms/sample_1102.npy,55,id08821
spectrograms/sample_1103.npy,55,id08821
spectrograms/sample_1104.npy,55,id08821
spectrograms/sample_1105.npy,55,id08821
spectrograms/sample_1106.npy,55,id08821
spectrograms/sample_1107.npy,55,id08821
spectrograms/sample_1108.npy,55,id08821
spectrograms/sample_1109.npy,55,id08821
spectrograms/sample_1110.npy,55,id08821
spectrograms/sample_1111.npy,55,id08821
spectrograms/sample_1112.npy,55,id08821
spectrograms/sample_1113.npy,55,id08821
spectrograms/sample_1114.npy,55,id08821
spectrograms/sample_1115.npy,55,id08821
spectrograms/sample_1116.npy,55,id08821
spectrograms/sample_1117.npy,55,id08821
spectrograms/sample_1118.npy,55,id08821
spectrograms/sample_1119.npy,55,id08821
spectrograms/sample_1120.npy,56,id07262
spectrograms/sample_1121.npy,56,id07262
spectrograms/sample_1122.npy,56,id07262
spectrograms/sample_1123.npy,56,id07262
spectrograms/sample_1124.npy,56,id07262
spectrograms/sample_1125.npy,56,id07262
spectrograms/sample_1126.npy,56,id07262
spectrograms/sample_1127.npy,56,id07262
spectrograms/sample_1128.npy,56,id07262
spectrograms/sample_1129.npy,56,id07262
spectrograms/sample_1130.npy,56,id07262
spectrograms/sample_1131.npy,56,id07262
spectrograms/sample_1132.npy,56,id07262
spectrograms/sample_1133.npy,56,id07262
spectrograms/sample_1134.npy,56,id07262
spectrograms/sample_1135.npy,56,id07262
spectrograms/sample_1136.npy,56,id07262
spectrograms/sample_1137.npy,56,id07262
spectrograms/sample_1138.npy,56,id07262
spectrograms/sample_1139.npy,56,id07262
spectrograms/sample_1140.npy,57,id03332
spectrograms/sample_1141.npy,57,id03332
spectrograms/sample_1142.npy,57,id03332
spectrograms/sample_1143.npy,57,id03332
spectrograms/sample_1144.npy,57,id03332
spectrograms/sample_1145.npy,57,id03332
spectrograms/sample_1146.npy,57,id03332
spectrograms/sample_1147.npy,57,id03332
spectrograms/sample_1148.npy,57,id03332
spectrograms/sample_1149.npy,57,id03332
spectrograms/sample_1150.npy,57,id03332
spectrograms/sample_1151.npy,57,id03332
spectrograms/sample_1152.npy,57,id03332
spectrograms/sample_1153.npy,57,id03332
spectrograms/sample_1154.npy,57,id03332
spectrograms/sample_1155.npy,57,id03332
spectrograms/sample_1156.npy,57,id03332
spectrograms/sample_1157.npy,57,id03332
spectrograms/sample_1158.npy,57,id03332
spectrograms/sample_1159.npy,57,id03332
spectrograms/sample_1160.npy,58,id02902
spectrograms/sample_1161.npy,58,id02902
spectrograms/sample_1162.npy,58,id02902
spectrograms/sample_1163.npy,58,id02902
spectrograms/sample_1164.npy,58,id02902
spectrograms/sample_1165.npy,58,id02902
spectrograms/sample_1166.npy,58,id02902
spectrograms/sample_1167.npy,58,id02902
spectrograms/sample_1168.npy,58,id02902
spectrograms/sample_1169.npy,58,id02902
spectrograms/sample_1170.npy,58,id02902
spectrograms/sample_1171.npy,58,id02902
spectrograms/sample_1172.npy,58,id02902
spectrograms/sample_1173.npy,58,id02902
spectrograms/sample_1174.npy,58,id02902
spectrograms/sample_1175.npy,58,id02902
spectrograms/sample_1176.npy,58,id02902
spectrograms/sample_1177.npy,58,id02902
spectrograms/sample_1178.npy,58,id02902
spectrograms/sample_1179.npy,58,id02902
spectrograms/sample_1180.npy,59,id00053
spectrograms/sample_1181.npy,59,id00053
spectrograms/sample_1182.npy,59,id00053
spectrograms/sample_1183.npy,59,id00053
spectrograms/sample_1184.npy,59,id00053
spectrograms/sample_1185.npy,59,id00053
spectrograms/sample_1186.npy,59,id00053
spectrograms/sample_1187.npy,59,id00053
spectrograms/sample_1188.npy,59,id00053
spectrograms/sample_1189.npy,59,id00053
spectrograms/sample_1190.npy,59,id00053
spectrograms/sample_1191.npy,59,id00053
spectrograms/sample_1192.npy,59,id00053
spectrograms/sample_1193.npy,59,id00053
spectrograms/sample_1194.npy,59,id00053
spectrograms/sample_1195.npy,59,id00053
spectrograms/sample_1196.npy,59,id00053
spectrograms/sample_1197.npy,59,id00053
spectrograms/sample_1198.npy,59,id00053
spectrograms/sample_1199.npy,59,id00053
