speaker_id,label,aac_path,mp4_path
id01671,0,aac\id01671\7eBNBYBi3dU\00007.m4a,mp4\id01671\7eBNBYBi3dU\00007.mp4
id01671,0,aac\id01671\bYHSe6EOEYo\00020.m4a,mp4\id01671\bYHSe6EOEYo\00020.mp4
id01671,0,aac\id01671\7eBNBYBi3dU\00005.m4a,mp4\id01671\7eBNBYBi3dU\00005.mp4
id01671,0,aac\id01671\75FST6dmbSQ\00002.m4a,mp4\id01671\75FST6dmbSQ\00002.mp4
id01671,0,aac\id01671\o77BaliJL7U\00025.m4a,mp4\id01671\o77BaliJL7U\00025.mp4
id01671,0,aac\id01671\9Pw5_K3w8P8\00010.m4a,mp4\id01671\9Pw5_K3w8P8\00010.mp4
id01671,0,aac\id01671\MyTWZ1OfiKw\00013.m4a,mp4\id01671\MyTWZ1OfiKw\00013.mp4
id01671,0,aac\id01671\7eBNBYBi3dU\00004.m4a,mp4\id01671\7eBNBYBi3dU\00004.mp4
id01671,0,aac\id01671\bYHSe6EOEYo\00023.m4a,mp4\id01671\bYHSe6EOEYo\00023.mp4
id01671,0,aac\id01671\MPHnXRA_OGQ\00011.m4a,mp4\id01671\MPHnXRA_OGQ\00011.mp4
id01671,0,aac\id01671\bYHSe6EOEYo\00021.m4a,mp4\id01671\bYHSe6EOEYo\00021.mp4
id01671,0,aac\id01671\bYHSe6EOEYo\00019.m4a,mp4\id01671\bYHSe6EOEYo\00019.mp4
id01671,0,aac\id01671\bYHSe6EOEYo\00024.m4a,mp4\id01671\bYHSe6EOEYo\00024.mp4
id01671,0,aac\id01671\MPHnXRA_OGQ\00012.m4a,mp4\id01671\MPHnXRA_OGQ\00012.mp4
id01671,0,aac\id01671\6F53RxDvLUg\00001.m4a,mp4\id01671\6F53RxDvLUg\00001.mp4
id01671,0,aac\id01671\bYHSe6EOEYo\00022.m4a,mp4\id01671\bYHSe6EOEYo\00022.mp4
id01671,0,aac\id01671\75FST6dmbSQ\00003.m4a,mp4\id01671\75FST6dmbSQ\00003.mp4
id01671,0,aac\id01671\7eBNBYBi3dU\00008.m4a,mp4\id01671\7eBNBYBi3dU\00008.mp4
id01671,0,aac\id01671\9Pw5_K3w8P8\00009.m4a,mp4\id01671\9Pw5_K3w8P8\00009.mp4
id01671,0,aac\id01671\7eBNBYBi3dU\00006.m4a,mp4\id01671\7eBNBYBi3dU\00006.mp4
id02231,1,aac\id02231\63ZCOGB2OzI\00002.m4a,mp4\id02231\63ZCOGB2OzI\00002.mp4
id02231,1,aac\id02231\63ZCOGB2OzI\00016.m4a,mp4\id02231\63ZCOGB2OzI\00016.mp4
id02231,1,aac\id02231\63ZCOGB2OzI\00011.m4a,mp4\id02231\63ZCOGB2OzI\00011.mp4
id02231,1,aac\id02231\63ZCOGB2OzI\00010.m4a,mp4\id02231\63ZCOGB2OzI\00010.mp4
id02231,1,aac\id02231\63ZCOGB2OzI\00008.m4a,mp4\id02231\63ZCOGB2OzI\00008.mp4
id02231,1,aac\id02231\63ZCOGB2OzI\00007.m4a,mp4\id02231\63ZCOGB2OzI\00007.mp4
id02231,1,aac\id02231\63ZCOGB2OzI\00003.m4a,mp4\id02231\63ZCOGB2OzI\00003.mp4
id02231,1,aac\id02231\63ZCOGB2OzI\00009.m4a,mp4\id02231\63ZCOGB2OzI\00009.mp4
id02231,1,aac\id02231\63ZCOGB2OzI\00006.m4a,mp4\id02231\63ZCOGB2OzI\00006.mp4
id02231,1,aac\id02231\63ZCOGB2OzI\00014.m4a,mp4\id02231\63ZCOGB2OzI\00014.mp4
id02231,1,aac\id02231\63ZCOGB2OzI\00005.m4a,mp4\id02231\63ZCOGB2OzI\00005.mp4
id02231,1,aac\id02231\63ZCOGB2OzI\00001.m4a,mp4\id02231\63ZCOGB2OzI\00001.mp4
id02231,1,aac\id02231\63ZCOGB2OzI\00012.m4a,mp4\id02231\63ZCOGB2OzI\00012.mp4
id02231,1,aac\id02231\63ZCOGB2OzI\00015.m4a,mp4\id02231\63ZCOGB2OzI\00015.mp4
id02231,1,aac\id02231\63ZCOGB2OzI\00018.m4a,mp4\id02231\63ZCOGB2OzI\00018.mp4
id02231,1,aac\id02231\63ZCOGB2OzI\00020.m4a,mp4\id02231\63ZCOGB2OzI\00020.mp4
id02231,1,aac\id02231\63ZCOGB2OzI\00013.m4a,mp4\id02231\63ZCOGB2OzI\00013.mp4
id02231,1,aac\id02231\63ZCOGB2OzI\00004.m4a,mp4\id02231\63ZCOGB2OzI\00004.mp4
id02231,1,aac\id02231\63ZCOGB2OzI\00019.m4a,mp4\id02231\63ZCOGB2OzI\00019.mp4
id02231,1,aac\id02231\63ZCOGB2OzI\00017.m4a,mp4\id02231\63ZCOGB2OzI\00017.mp4
id05426,2,aac\id05426\0yLfgXS8O28\00007.m4a,mp4\id05426\0yLfgXS8O28\00007.mp4
id05426,2,aac\id05426\0yLfgXS8O28\00012.m4a,mp4\id05426\0yLfgXS8O28\00012.mp4
id05426,2,aac\id05426\0yLfgXS8O28\00014.m4a,mp4\id05426\0yLfgXS8O28\00014.mp4
id05426,2,aac\id05426\0yLfgXS8O28\00020.m4a,mp4\id05426\0yLfgXS8O28\00020.mp4
id05426,2,aac\id05426\0yLfgXS8O28\00005.m4a,mp4\id05426\0yLfgXS8O28\00005.mp4
id05426,2,aac\id05426\0yLfgXS8O28\00018.m4a,mp4\id05426\0yLfgXS8O28\00018.mp4
id05426,2,aac\id05426\0yLfgXS8O28\00009.m4a,mp4\id05426\0yLfgXS8O28\00009.mp4
id05426,2,aac\id05426\0yLfgXS8O28\00016.m4a,mp4\id05426\0yLfgXS8O28\00016.mp4
id05426,2,aac\id05426\0yLfgXS8O28\00006.m4a,mp4\id05426\0yLfgXS8O28\00006.mp4
id05426,2,aac\id05426\0yLfgXS8O28\00015.m4a,mp4\id05426\0yLfgXS8O28\00015.mp4
id05426,2,aac\id05426\0LIn0lE-iH4\00002.m4a,mp4\id05426\0LIn0lE-iH4\00002.mp4
id05426,2,aac\id05426\0yLfgXS8O28\00010.m4a,mp4\id05426\0yLfgXS8O28\00010.mp4
id05426,2,aac\id05426\0yLfgXS8O28\00011.m4a,mp4\id05426\0yLfgXS8O28\00011.mp4
id05426,2,aac\id05426\0yLfgXS8O28\00013.m4a,mp4\id05426\0yLfgXS8O28\00013.mp4
id05426,2,aac\id05426\0yLfgXS8O28\00004.m4a,mp4\id05426\0yLfgXS8O28\00004.mp4
id05426,2,aac\id05426\0LIn0lE-iH4\00001.m4a,mp4\id05426\0LIn0lE-iH4\00001.mp4
id05426,2,aac\id05426\0yLfgXS8O28\00017.m4a,mp4\id05426\0yLfgXS8O28\00017.mp4
id05426,2,aac\id05426\0yLfgXS8O28\00008.m4a,mp4\id05426\0yLfgXS8O28\00008.mp4
id05426,2,aac\id05426\0yLfgXS8O28\00003.m4a,mp4\id05426\0yLfgXS8O28\00003.mp4
id05426,2,aac\id05426\0yLfgXS8O28\00019.m4a,mp4\id05426\0yLfgXS8O28\00019.mp4
id01112,3,aac\id01112\8XBd043sv4c\00007.m4a,mp4\id01112\8XBd043sv4c\00007.mp4
id01112,3,aac\id01112\8XBd043sv4c\00009.m4a,mp4\id01112\8XBd043sv4c\00009.mp4
id01112,3,aac\id01112\Cpa4gRweYQo\00010.m4a,mp4\id01112\Cpa4gRweYQo\00010.mp4
id01112,3,aac\id01112\8XBd043sv4c\00008.m4a,mp4\id01112\8XBd043sv4c\00008.mp4
id01112,3,aac\id01112\3JA_ArJ54UE\00004.m4a,mp4\id01112\3JA_ArJ54UE\00004.mp4
id01112,3,aac\id01112\Cpa4gRweYQo\00013.m4a,mp4\id01112\Cpa4gRweYQo\00013.mp4
id01112,3,aac\id01112\bVTpirDo5R0\00067.m4a,mp4\id01112\bVTpirDo5R0\00067.mp4
id01112,3,aac\id01112\bE_M7o65RCo\00062.m4a,mp4\id01112\bE_M7o65RCo\00062.mp4
id01112,3,aac\id01112\bVTpirDo5R0\00065.m4a,mp4\id01112\bVTpirDo5R0\00065.mp4
id01112,3,aac\id01112\0abEffDJu84\00001.m4a,mp4\id01112\0abEffDJu84\00001.mp4
id01112,3,aac\id01112\8XBd043sv4c\00005.m4a,mp4\id01112\8XBd043sv4c\00005.mp4
id01112,3,aac\id01112\bVTpirDo5R0\00064.m4a,mp4\id01112\bVTpirDo5R0\00064.mp4
id01112,3,aac\id01112\bVTpirDo5R0\00063.m4a,mp4\id01112\bVTpirDo5R0\00063.mp4
id01112,3,aac\id01112\0abEffDJu84\00002.m4a,mp4\id01112\0abEffDJu84\00002.mp4
id01112,3,aac\id01112\Cpa4gRweYQo\00011.m4a,mp4\id01112\Cpa4gRweYQo\00011.mp4
id01112,3,aac\id01112\0abEffDJu84\00003.m4a,mp4\id01112\0abEffDJu84\00003.mp4
id01112,3,aac\id01112\bVTpirDo5R0\00068.m4a,mp4\id01112\bVTpirDo5R0\00068.mp4
id01112,3,aac\id01112\bVTpirDo5R0\00066.m4a,mp4\id01112\bVTpirDo5R0\00066.mp4
id01112,3,aac\id01112\8XBd043sv4c\00006.m4a,mp4\id01112\8XBd043sv4c\00006.mp4
id01112,3,aac\id01112\Cpa4gRweYQo\00012.m4a,mp4\id01112\Cpa4gRweYQo\00012.mp4
id07974,4,aac\id07974\0c7XMghsF50\00013.m4a,mp4\id07974\0c7XMghsF50\00013.mp4
id07974,4,aac\id07974\0c7XMghsF50\00008.m4a,mp4\id07974\0c7XMghsF50\00008.mp4
id07974,4,aac\id07974\0c7XMghsF50\00006.m4a,mp4\id07974\0c7XMghsF50\00006.mp4
id07974,4,aac\id07974\0c7XMghsF50\00007.m4a,mp4\id07974\0c7XMghsF50\00007.mp4
id07974,4,aac\id07974\0JRW_AQj4vw\00002.m4a,mp4\id07974\0JRW_AQj4vw\00002.mp4
id07974,4,aac\id07974\0c7XMghsF50\00011.m4a,mp4\id07974\0c7XMghsF50\00011.mp4
id07974,4,aac\id07974\1eYjZj20Rgw\00023.m4a,mp4\id07974\1eYjZj20Rgw\00023.mp4
id07974,4,aac\id07974\1eYjZj20Rgw\00022.m4a,mp4\id07974\1eYjZj20Rgw\00022.mp4
id07974,4,aac\id07974\0c7XMghsF50\00004.m4a,mp4\id07974\0c7XMghsF50\00004.mp4
id07974,4,aac\id07974\0JRW_AQj4vw\00001.m4a,mp4\id07974\0JRW_AQj4vw\00001.mp4
id07974,4,aac\id07974\0c7XMghsF50\00005.m4a,mp4\id07974\0c7XMghsF50\00005.mp4
id07974,4,aac\id07974\0c7XMghsF50\00014.m4a,mp4\id07974\0c7XMghsF50\00014.mp4
id07974,4,aac\id07974\0c7XMghsF50\00012.m4a,mp4\id07974\0c7XMghsF50\00012.mp4
id07974,4,aac\id07974\16Q2nn32vqk\00017.m4a,mp4\id07974\16Q2nn32vqk\00017.mp4
id07974,4,aac\id07974\0c7XMghsF50\00016.m4a,mp4\id07974\0c7XMghsF50\00016.mp4
id07974,4,aac\id07974\0c7XMghsF50\00010.m4a,mp4\id07974\0c7XMghsF50\00010.mp4
id07974,4,aac\id07974\0JRW_AQj4vw\00003.m4a,mp4\id07974\0JRW_AQj4vw\00003.mp4
id07974,4,aac\id07974\0c7XMghsF50\00009.m4a,mp4\id07974\0c7XMghsF50\00009.mp4
id07974,4,aac\id07974\1eYjZj20Rgw\00021.m4a,mp4\id07974\1eYjZj20Rgw\00021.mp4
id07974,4,aac\id07974\0c7XMghsF50\00015.m4a,mp4\id07974\0c7XMghsF50\00015.mp4
id02888,5,aac\id02888\1ZDfoFNNpUE\00015.m4a,mp4\id02888\1ZDfoFNNpUE\00015.mp4
id02888,5,aac\id02888\0-X1D0BND7E\00001.m4a,mp4\id02888\0-X1D0BND7E\00001.mp4
id02888,5,aac\id02888\1ZDfoFNNpUE\00009.m4a,mp4\id02888\1ZDfoFNNpUE\00009.mp4
id02888,5,aac\id02888\1ZDfoFNNpUE\00013.m4a,mp4\id02888\1ZDfoFNNpUE\00013.mp4
id02888,5,aac\id02888\1ZDfoFNNpUE\00003.m4a,mp4\id02888\1ZDfoFNNpUE\00003.mp4
id02888,5,aac\id02888\1ZDfoFNNpUE\00005.m4a,mp4\id02888\1ZDfoFNNpUE\00005.mp4
id02888,5,aac\id02888\1ZDfoFNNpUE\00018.m4a,mp4\id02888\1ZDfoFNNpUE\00018.mp4
id02888,5,aac\id02888\1ZDfoFNNpUE\00020.m4a,mp4\id02888\1ZDfoFNNpUE\00020.mp4
id02888,5,aac\id02888\1ZDfoFNNpUE\00012.m4a,mp4\id02888\1ZDfoFNNpUE\00012.mp4
id02888,5,aac\id02888\1ZDfoFNNpUE\00007.m4a,mp4\id02888\1ZDfoFNNpUE\00007.mp4
id02888,5,aac\id02888\1ZDfoFNNpUE\00011.m4a,mp4\id02888\1ZDfoFNNpUE\00011.mp4
id02888,5,aac\id02888\1ZDfoFNNpUE\00016.m4a,mp4\id02888\1ZDfoFNNpUE\00016.mp4
id02888,5,aac\id02888\1ZDfoFNNpUE\00002.m4a,mp4\id02888\1ZDfoFNNpUE\00002.mp4
id02888,5,aac\id02888\1ZDfoFNNpUE\00014.m4a,mp4\id02888\1ZDfoFNNpUE\00014.mp4
id02888,5,aac\id02888\1ZDfoFNNpUE\00019.m4a,mp4\id02888\1ZDfoFNNpUE\00019.mp4
id02888,5,aac\id02888\1ZDfoFNNpUE\00010.m4a,mp4\id02888\1ZDfoFNNpUE\00010.mp4
id02888,5,aac\id02888\1ZDfoFNNpUE\00004.m4a,mp4\id02888\1ZDfoFNNpUE\00004.mp4
id02888,5,aac\id02888\1ZDfoFNNpUE\00008.m4a,mp4\id02888\1ZDfoFNNpUE\00008.mp4
id02888,5,aac\id02888\1ZDfoFNNpUE\00006.m4a,mp4\id02888\1ZDfoFNNpUE\00006.mp4
id02888,5,aac\id02888\1ZDfoFNNpUE\00017.m4a,mp4\id02888\1ZDfoFNNpUE\00017.mp4
id00475,6,aac\id00475\6tURcp88PHM\00010.m4a,mp4\id00475\6tURcp88PHM\00010.mp4
id00475,6,aac\id00475\DcksVL8mvDE\00018.m4a,mp4\id00475\DcksVL8mvDE\00018.mp4
id00475,6,aac\id00475\DcksVL8mvDE\00015.m4a,mp4\id00475\DcksVL8mvDE\00015.mp4
id00475,6,aac\id00475\6tURcp88PHM\00007.m4a,mp4\id00475\6tURcp88PHM\00007.mp4
id00475,6,aac\id00475\DcksVL8mvDE\00019.m4a,mp4\id00475\DcksVL8mvDE\00019.mp4
id00475,6,aac\id00475\2uDzmgYlC1c\00003.m4a,mp4\id00475\2uDzmgYlC1c\00003.mp4
id00475,6,aac\id00475\2uDzmgYlC1c\00001.m4a,mp4\id00475\2uDzmgYlC1c\00001.mp4
id00475,6,aac\id00475\6tURcp88PHM\00009.m4a,mp4\id00475\6tURcp88PHM\00009.mp4
id00475,6,aac\id00475\6tURcp88PHM\00005.m4a,mp4\id00475\6tURcp88PHM\00005.mp4
id00475,6,aac\id00475\DcksVL8mvDE\00011.m4a,mp4\id00475\DcksVL8mvDE\00011.mp4
id00475,6,aac\id00475\6tURcp88PHM\00008.m4a,mp4\id00475\6tURcp88PHM\00008.mp4
id00475,6,aac\id00475\6tURcp88PHM\00004.m4a,mp4\id00475\6tURcp88PHM\00004.mp4
id00475,6,aac\id00475\DcksVL8mvDE\00016.m4a,mp4\id00475\DcksVL8mvDE\00016.mp4
id00475,6,aac\id00475\2uDzmgYlC1c\00002.m4a,mp4\id00475\2uDzmgYlC1c\00002.mp4
id00475,6,aac\id00475\6tURcp88PHM\00006.m4a,mp4\id00475\6tURcp88PHM\00006.mp4
id00475,6,aac\id00475\DcksVL8mvDE\00012.m4a,mp4\id00475\DcksVL8mvDE\00012.mp4
id00475,6,aac\id00475\DcksVL8mvDE\00013.m4a,mp4\id00475\DcksVL8mvDE\00013.mp4
id00475,6,aac\id00475\DcksVL8mvDE\00014.m4a,mp4\id00475\DcksVL8mvDE\00014.mp4
id00475,6,aac\id00475\DcksVL8mvDE\00020.m4a,mp4\id00475\DcksVL8mvDE\00020.mp4
id00475,6,aac\id00475\DcksVL8mvDE\00017.m4a,mp4\id00475\DcksVL8mvDE\00017.mp4
id08470,7,aac\id08470\ta1t4_NvDEc\00019.m4a,mp4\id08470\ta1t4_NvDEc\00019.mp4
id08470,7,aac\id08470\ta1t4_NvDEc\00017.m4a,mp4\id08470\ta1t4_NvDEc\00017.mp4
id08470,7,aac\id08470\ta1t4_NvDEc\00018.m4a,mp4\id08470\ta1t4_NvDEc\00018.mp4
id08470,7,aac\id08470\07ZhUz8SLzA\00002.m4a,mp4\id08470\07ZhUz8SLzA\00002.mp4
id08470,7,aac\id08470\07ZhUz8SLzA\00003.m4a,mp4\id08470\07ZhUz8SLzA\00003.mp4
id08470,7,aac\id08470\hcmW_iJAHL8\00011.m4a,mp4\id08470\hcmW_iJAHL8\00011.mp4
id08470,7,aac\id08470\1icPYeWXAM0\00008.m4a,mp4\id08470\1icPYeWXAM0\00008.mp4
id08470,7,aac\id08470\ta1t4_NvDEc\00020.m4a,mp4\id08470\ta1t4_NvDEc\00020.mp4
id08470,7,aac\id08470\mzsxlf6jWXA\00012.m4a,mp4\id08470\mzsxlf6jWXA\00012.mp4
id08470,7,aac\id08470\0PanvHumkMQ\00006.m4a,mp4\id08470\0PanvHumkMQ\00006.mp4
id08470,7,aac\id08470\sC2PrJqJ9kA\00015.m4a,mp4\id08470\sC2PrJqJ9kA\00015.mp4
id08470,7,aac\id08470\07ZhUz8SLzA\00004.m4a,mp4\id08470\07ZhUz8SLzA\00004.mp4
id08470,7,aac\id08470\0PanvHumkMQ\00005.m4a,mp4\id08470\0PanvHumkMQ\00005.mp4
id08470,7,aac\id08470\DFeVCdHu1Wo\00010.m4a,mp4\id08470\DFeVCdHu1Wo\00010.mp4
id08470,7,aac\id08470\07ZhUz8SLzA\00001.m4a,mp4\id08470\07ZhUz8SLzA\00001.mp4
id08470,7,aac\id08470\sC2PrJqJ9kA\00013.m4a,mp4\id08470\sC2PrJqJ9kA\00013.mp4
id08470,7,aac\id08470\sC2PrJqJ9kA\00014.m4a,mp4\id08470\sC2PrJqJ9kA\00014.mp4
id08470,7,aac\id08470\1icPYeWXAM0\00007.m4a,mp4\id08470\1icPYeWXAM0\00007.mp4
id08470,7,aac\id08470\1qFuwQ7o9DE\00009.m4a,mp4\id08470\1qFuwQ7o9DE\00009.mp4
id08470,7,aac\id08470\sPp5FNn2zl4\00016.m4a,mp4\id08470\sPp5FNn2zl4\00016.mp4
id04460,8,aac\id04460\E3ai2nCkWlY\00013.m4a,mp4\id04460\E3ai2nCkWlY\00013.mp4
id04460,8,aac\id04460\E3ai2nCkWlY\00015.m4a,mp4\id04460\E3ai2nCkWlY\00015.mp4
id04460,8,aac\id04460\E3ai2nCkWlY\00016.m4a,mp4\id04460\E3ai2nCkWlY\00016.mp4
id04460,8,aac\id04460\0kpWOvvR1RY\00003.m4a,mp4\id04460\0kpWOvvR1RY\00003.mp4
id04460,8,aac\id04460\eLHV5AgVTCQ\00054.m4a,mp4\id04460\eLHV5AgVTCQ\00054.mp4
id04460,8,aac\id04460\E3ai2nCkWlY\00009.m4a,mp4\id04460\E3ai2nCkWlY\00009.mp4
id04460,8,aac\id04460\E3ai2nCkWlY\00011.m4a,mp4\id04460\E3ai2nCkWlY\00011.mp4
id04460,8,aac\id04460\J5SkjCAOKVY\00018.m4a,mp4\id04460\J5SkjCAOKVY\00018.mp4
id04460,8,aac\id04460\D4brG8Pf2W0\00006.m4a,mp4\id04460\D4brG8Pf2W0\00006.mp4
id04460,8,aac\id04460\D4brG8Pf2W0\00007.m4a,mp4\id04460\D4brG8Pf2W0\00007.mp4
id04460,8,aac\id04460\0kpWOvvR1RY\00004.m4a,mp4\id04460\0kpWOvvR1RY\00004.mp4
id04460,8,aac\id04460\E3ai2nCkWlY\00017.m4a,mp4\id04460\E3ai2nCkWlY\00017.mp4
id04460,8,aac\id04460\D4brG8Pf2W0\00005.m4a,mp4\id04460\D4brG8Pf2W0\00005.mp4
id04460,8,aac\id04460\E3ai2nCkWlY\00008.m4a,mp4\id04460\E3ai2nCkWlY\00008.mp4
id04460,8,aac\id04460\E3ai2nCkWlY\00014.m4a,mp4\id04460\E3ai2nCkWlY\00014.mp4
id04460,8,aac\id04460\0kpWOvvR1RY\00002.m4a,mp4\id04460\0kpWOvvR1RY\00002.mp4
id04460,8,aac\id04460\E3ai2nCkWlY\00010.m4a,mp4\id04460\E3ai2nCkWlY\00010.mp4
id04460,8,aac\id04460\J5SkjCAOKVY\00019.m4a,mp4\id04460\J5SkjCAOKVY\00019.mp4
id04460,8,aac\id04460\E3ai2nCkWlY\00012.m4a,mp4\id04460\E3ai2nCkWlY\00012.mp4
id04460,8,aac\id04460\0kpWOvvR1RY\00001.m4a,mp4\id04460\0kpWOvvR1RY\00001.mp4
id02821,9,aac\id02821\1Oc0Bwsqy4c\00015.m4a,mp4\id02821\1Oc0Bwsqy4c\00015.mp4
id02821,9,aac\id02821\0ijv3AFg6bM\00004.m4a,mp4\id02821\0ijv3AFg6bM\00004.mp4
id02821,9,aac\id02821\0ijv3AFg6bM\00008.m4a,mp4\id02821\0ijv3AFg6bM\00008.mp4
id02821,9,aac\id02821\0ijv3AFg6bM\00006.m4a,mp4\id02821\0ijv3AFg6bM\00006.mp4
id02821,9,aac\id02821\1Oc0Bwsqy4c\00016.m4a,mp4\id02821\1Oc0Bwsqy4c\00016.mp4
id02821,9,aac\id02821\0ijv3AFg6bM\00003.m4a,mp4\id02821\0ijv3AFg6bM\00003.mp4
id02821,9,aac\id02821\0ijv3AFg6bM\00005.m4a,mp4\id02821\0ijv3AFg6bM\00005.mp4
id02821,9,aac\id02821\0iX26N0nwhM\00002.m4a,mp4\id02821\0iX26N0nwhM\00002.mp4
id02821,9,aac\id02821\1Oc0Bwsqy4c\00011.m4a,mp4\id02821\1Oc0Bwsqy4c\00011.mp4
id02821,9,aac\id02821\1Oc0Bwsqy4c\00017.m4a,mp4\id02821\1Oc0Bwsqy4c\00017.mp4
id02821,9,aac\id02821\1Oc0Bwsqy4c\00014.m4a,mp4\id02821\1Oc0Bwsqy4c\00014.mp4
id02821,9,aac\id02821\0iX26N0nwhM\00001.m4a,mp4\id02821\0iX26N0nwhM\00001.mp4
id02821,9,aac\id02821\1Oc0Bwsqy4c\00018.m4a,mp4\id02821\1Oc0Bwsqy4c\00018.mp4
id02821,9,aac\id02821\1Oc0Bwsqy4c\00010.m4a,mp4\id02821\1Oc0Bwsqy4c\00010.mp4
id02821,9,aac\id02821\1Oc0Bwsqy4c\00013.m4a,mp4\id02821\1Oc0Bwsqy4c\00013.mp4
id02821,9,aac\id02821\0ijv3AFg6bM\00007.m4a,mp4\id02821\0ijv3AFg6bM\00007.mp4
id02821,9,aac\id02821\0ijv3AFg6bM\00009.m4a,mp4\id02821\0ijv3AFg6bM\00009.mp4
id02821,9,aac\id02821\1Oc0Bwsqy4c\00012.m4a,mp4\id02821\1Oc0Bwsqy4c\00012.mp4
id02821,9,aac\id02821\1bH5uA1-LiY\00090.m4a,mp4\id02821\1bH5uA1-LiY\00090.mp4
id02821,9,aac\id02821\1Oc0Bwsqy4c\00019.m4a,mp4\id02821\1Oc0Bwsqy4c\00019.mp4
id09038,10,aac\id09038\3q2QM3ezTT0\00001.m4a,mp4\id09038\3q2QM3ezTT0\00001.mp4
id09038,10,aac\id09038\lFWUx0uGV9M\00019.m4a,mp4\id09038\lFWUx0uGV9M\00019.mp4
id09038,10,aac\id09038\3q2QM3ezTT0\00005.m4a,mp4\id09038\3q2QM3ezTT0\00005.mp4
id09038,10,aac\id09038\5DDp6oq6r4Q\00010.m4a,mp4\id09038\5DDp6oq6r4Q\00010.mp4
id09038,10,aac\id09038\3q2QM3ezTT0\00008.m4a,mp4\id09038\3q2QM3ezTT0\00008.mp4
id09038,10,aac\id09038\lFWUx0uGV9M\00020.m4a,mp4\id09038\lFWUx0uGV9M\00020.mp4
id09038,10,aac\id09038\AakPMYEMozg\00015.m4a,mp4\id09038\AakPMYEMozg\00015.mp4
id09038,10,aac\id09038\3q2QM3ezTT0\00007.m4a,mp4\id09038\3q2QM3ezTT0\00007.mp4
id09038,10,aac\id09038\5DDp6oq6r4Q\00012.m4a,mp4\id09038\5DDp6oq6r4Q\00012.mp4
id09038,10,aac\id09038\5DDp6oq6r4Q\00011.m4a,mp4\id09038\5DDp6oq6r4Q\00011.mp4
id09038,10,aac\id09038\lFWUx0uGV9M\00021.m4a,mp4\id09038\lFWUx0uGV9M\00021.mp4
id09038,10,aac\id09038\3q2QM3ezTT0\00002.m4a,mp4\id09038\3q2QM3ezTT0\00002.mp4
id09038,10,aac\id09038\AakPMYEMozg\00014.m4a,mp4\id09038\AakPMYEMozg\00014.mp4
id09038,10,aac\id09038\jdc9oR5IW-E\00017.m4a,mp4\id09038\jdc9oR5IW-E\00017.mp4
id09038,10,aac\id09038\6uctzGgbs1M\00013.m4a,mp4\id09038\6uctzGgbs1M\00013.mp4
id09038,10,aac\id09038\3q2QM3ezTT0\00006.m4a,mp4\id09038\3q2QM3ezTT0\00006.mp4
id09038,10,aac\id09038\5DDp6oq6r4Q\00009.m4a,mp4\id09038\5DDp6oq6r4Q\00009.mp4
id09038,10,aac\id09038\3q2QM3ezTT0\00003.m4a,mp4\id09038\3q2QM3ezTT0\00003.mp4
id09038,10,aac\id09038\jdc9oR5IW-E\00018.m4a,mp4\id09038\jdc9oR5IW-E\00018.mp4
id09038,10,aac\id09038\3q2QM3ezTT0\00004.m4a,mp4\id09038\3q2QM3ezTT0\00004.mp4
id08839,11,aac\id08839\3Kfq_PTQctc\00003.m4a,mp4\id08839\3Kfq_PTQctc\00003.mp4
id08839,11,aac\id08839\8dDMxCyl23g\00017.m4a,mp4\id08839\8dDMxCyl23g\00017.mp4
id08839,11,aac\id08839\7Zqsk07fuVs\00008.m4a,mp4\id08839\7Zqsk07fuVs\00008.mp4
id08839,11,aac\id08839\6aX1b7G-U-Y\00006.m4a,mp4\id08839\6aX1b7G-U-Y\00006.mp4
id08839,11,aac\id08839\8dDMxCyl23g\00018.m4a,mp4\id08839\8dDMxCyl23g\00018.mp4
id08839,11,aac\id08839\7Zqsk07fuVs\00007.m4a,mp4\id08839\7Zqsk07fuVs\00007.mp4
id08839,11,aac\id08839\8dDMxCyl23g\00019.m4a,mp4\id08839\8dDMxCyl23g\00019.mp4
id08839,11,aac\id08839\3Kfq_PTQctc\00001.m4a,mp4\id08839\3Kfq_PTQctc\00001.mp4
id08839,11,aac\id08839\3Kfq_PTQctc\00002.m4a,mp4\id08839\3Kfq_PTQctc\00002.mp4
id08839,11,aac\id08839\8dDMxCyl23g\00012.m4a,mp4\id08839\8dDMxCyl23g\00012.mp4
id08839,11,aac\id08839\8dDMxCyl23g\00016.m4a,mp4\id08839\8dDMxCyl23g\00016.mp4
id08839,11,aac\id08839\7Zqsk07fuVs\00009.m4a,mp4\id08839\7Zqsk07fuVs\00009.mp4
id08839,11,aac\id08839\3Kfq_PTQctc\00005.m4a,mp4\id08839\3Kfq_PTQctc\00005.mp4
id08839,11,aac\id08839\8dDMxCyl23g\00014.m4a,mp4\id08839\8dDMxCyl23g\00014.mp4
id08839,11,aac\id08839\8dDMxCyl23g\00013.m4a,mp4\id08839\8dDMxCyl23g\00013.mp4
id08839,11,aac\id08839\8dDMxCyl23g\00015.m4a,mp4\id08839\8dDMxCyl23g\00015.mp4
id08839,11,aac\id08839\3Kfq_PTQctc\00004.m4a,mp4\id08839\3Kfq_PTQctc\00004.mp4
id08839,11,aac\id08839\8dDMxCyl23g\00011.m4a,mp4\id08839\8dDMxCyl23g\00011.mp4
id08839,11,aac\id08839\8dDMxCyl23g\00010.m4a,mp4\id08839\8dDMxCyl23g\00010.mp4
id08839,11,aac\id08839\aNkPEIrpHrQ\00137.m4a,mp4\id08839\aNkPEIrpHrQ\00137.mp4
id01070,12,aac\id01070\Coe5VA7WF_Y\00019.m4a,mp4\id01070\Coe5VA7WF_Y\00019.mp4
id01070,12,aac\id01070\Coe5VA7WF_Y\00017.m4a,mp4\id01070\Coe5VA7WF_Y\00017.mp4
id01070,12,aac\id01070\2HDQCrnh48o\00008.m4a,mp4\id01070\2HDQCrnh48o\00008.mp4
id01070,12,aac\id01070\0H8uV_kbyGw\00005.m4a,mp4\id01070\0H8uV_kbyGw\00005.mp4
id01070,12,aac\id01070\Coe5VA7WF_Y\00018.m4a,mp4\id01070\Coe5VA7WF_Y\00018.mp4
id01070,12,aac\id01070\0H8uV_kbyGw\00004.m4a,mp4\id01070\0H8uV_kbyGw\00004.mp4
id01070,12,aac\id01070\Coe5VA7WF_Y\00016.m4a,mp4\id01070\Coe5VA7WF_Y\00016.mp4
id01070,12,aac\id01070\2HDQCrnh48o\00010.m4a,mp4\id01070\2HDQCrnh48o\00010.mp4
id01070,12,aac\id01070\2HDQCrnh48o\00009.m4a,mp4\id01070\2HDQCrnh48o\00009.mp4
id01070,12,aac\id01070\8T9WiAWjK6c\00013.m4a,mp4\id01070\8T9WiAWjK6c\00013.mp4
id01070,12,aac\id01070\2HDQCrnh48o\00007.m4a,mp4\id01070\2HDQCrnh48o\00007.mp4
id01070,12,aac\id01070\8T9WiAWjK6c\00015.m4a,mp4\id01070\8T9WiAWjK6c\00015.mp4
id01070,12,aac\id01070\5pmgU9iSnv4\00011.m4a,mp4\id01070\5pmgU9iSnv4\00011.mp4
id01070,12,aac\id01070\0H8uV_kbyGw\00002.m4a,mp4\id01070\0H8uV_kbyGw\00002.mp4
id01070,12,aac\id01070\Coe5VA7WF_Y\00020.m4a,mp4\id01070\Coe5VA7WF_Y\00020.mp4
id01070,12,aac\id01070\2HDQCrnh48o\00006.m4a,mp4\id01070\2HDQCrnh48o\00006.mp4
id01070,12,aac\id01070\0H8uV_kbyGw\00001.m4a,mp4\id01070\0H8uV_kbyGw\00001.mp4
id01070,12,aac\id01070\8T9WiAWjK6c\00014.m4a,mp4\id01070\8T9WiAWjK6c\00014.mp4
id01070,12,aac\id01070\0H8uV_kbyGw\00003.m4a,mp4\id01070\0H8uV_kbyGw\00003.mp4
id01070,12,aac\id01070\8T9WiAWjK6c\00012.m4a,mp4\id01070\8T9WiAWjK6c\00012.mp4
id07053,13,aac\id07053\2YaE956WR8k\00010.m4a,mp4\id07053\2YaE956WR8k\00010.mp4
id07053,13,aac\id07053\2YaE956WR8k\00005.m4a,mp4\id07053\2YaE956WR8k\00005.mp4
id07053,13,aac\id07053\1QF-8DOUWXw\00002.m4a,mp4\id07053\1QF-8DOUWXw\00002.mp4
id07053,13,aac\id07053\AbR9jKKo1lY\00014.m4a,mp4\id07053\AbR9jKKo1lY\00014.mp4
id07053,13,aac\id07053\2YaE956WR8k\00004.m4a,mp4\id07053\2YaE956WR8k\00004.mp4
id07053,13,aac\id07053\e_Kdk9Rw8KY\00033.m4a,mp4\id07053\e_Kdk9Rw8KY\00033.mp4
id07053,13,aac\id07053\1QF-8DOUWXw\00001.m4a,mp4\id07053\1QF-8DOUWXw\00001.mp4
id07053,13,aac\id07053\DWXf4rcXfSU\00018.m4a,mp4\id07053\DWXf4rcXfSU\00018.mp4
id07053,13,aac\id07053\2YaE956WR8k\00003.m4a,mp4\id07053\2YaE956WR8k\00003.mp4
id07053,13,aac\id07053\AbR9jKKo1lY\00013.m4a,mp4\id07053\AbR9jKKo1lY\00013.mp4
id07053,13,aac\id07053\2YaE956WR8k\00006.m4a,mp4\id07053\2YaE956WR8k\00006.mp4
id07053,13,aac\id07053\2YaE956WR8k\00011.m4a,mp4\id07053\2YaE956WR8k\00011.mp4
id07053,13,aac\id07053\DWXf4rcXfSU\00016.m4a,mp4\id07053\DWXf4rcXfSU\00016.mp4
id07053,13,aac\id07053\B38uh3x01ek\00015.m4a,mp4\id07053\B38uh3x01ek\00015.mp4
id07053,13,aac\id07053\2YaE956WR8k\00007.m4a,mp4\id07053\2YaE956WR8k\00007.mp4
id07053,13,aac\id07053\AbR9jKKo1lY\00012.m4a,mp4\id07053\AbR9jKKo1lY\00012.mp4
id07053,13,aac\id07053\e_Kdk9Rw8KY\00032.m4a,mp4\id07053\e_Kdk9Rw8KY\00032.mp4
id07053,13,aac\id07053\DWXf4rcXfSU\00017.m4a,mp4\id07053\DWXf4rcXfSU\00017.mp4
id07053,13,aac\id07053\2YaE956WR8k\00009.m4a,mp4\id07053\2YaE956WR8k\00009.mp4
id07053,13,aac\id07053\2YaE956WR8k\00008.m4a,mp4\id07053\2YaE956WR8k\00008.mp4
id03509,14,aac\id03509\i6UvhHHDW7A\00041.m4a,mp4\id03509\i6UvhHHDW7A\00041.mp4
id03509,14,aac\id03509\aNw07Qd1kMs\00026.m4a,mp4\id03509\aNw07Qd1kMs\00026.mp4
id03509,14,aac\id03509\i6UvhHHDW7A\00039.m4a,mp4\id03509\i6UvhHHDW7A\00039.mp4
id03509,14,aac\id03509\i6UvhHHDW7A\00040.m4a,mp4\id03509\i6UvhHHDW7A\00040.mp4
id03509,14,aac\id03509\5kyGTJvC03o\00003.m4a,mp4\id03509\5kyGTJvC03o\00003.mp4
id03509,14,aac\id03509\cYbkRDhcd4M\00030.m4a,mp4\id03509\cYbkRDhcd4M\00030.mp4
id03509,14,aac\id03509\cYbkRDhcd4M\00028.m4a,mp4\id03509\cYbkRDhcd4M\00028.mp4
id03509,14,aac\id03509\i6UvhHHDW7A\00038.m4a,mp4\id03509\i6UvhHHDW7A\00038.mp4
id03509,14,aac\id03509\2sXxRtPCOVs\00001.m4a,mp4\id03509\2sXxRtPCOVs\00001.mp4
id03509,14,aac\id03509\gmBeMJqyPl4\00032.m4a,mp4\id03509\gmBeMJqyPl4\00032.mp4
id03509,14,aac\id03509\i6UvhHHDW7A\00042.m4a,mp4\id03509\i6UvhHHDW7A\00042.mp4
id03509,14,aac\id03509\gmBeMJqyPl4\00033.m4a,mp4\id03509\gmBeMJqyPl4\00033.mp4
id03509,14,aac\id03509\gmBeMJqyPl4\00034.m4a,mp4\id03509\gmBeMJqyPl4\00034.mp4
id03509,14,aac\id03509\i6UvhHHDW7A\00037.m4a,mp4\id03509\i6UvhHHDW7A\00037.mp4
id03509,14,aac\id03509\cYbkRDhcd4M\00029.m4a,mp4\id03509\cYbkRDhcd4M\00029.mp4
id03509,14,aac\id03509\cYbkRDhcd4M\00027.m4a,mp4\id03509\cYbkRDhcd4M\00027.mp4
id03509,14,aac\id03509\gmBeMJqyPl4\00035.m4a,mp4\id03509\gmBeMJqyPl4\00035.mp4
id03509,14,aac\id03509\5kyGTJvC03o\00002.m4a,mp4\id03509\5kyGTJvC03o\00002.mp4
id03509,14,aac\id03509\hedjq0CXM7Y\00036.m4a,mp4\id03509\hedjq0CXM7Y\00036.mp4
id03509,14,aac\id03509\cYbkRDhcd4M\00031.m4a,mp4\id03509\cYbkRDhcd4M\00031.mp4
id01611,15,aac\id01611\aMKUy5dCW5Q\00038.m4a,mp4\id01611\aMKUy5dCW5Q\00038.mp4
id01611,15,aac\id01611\ahKpIJKLBr8\00043.m4a,mp4\id01611\ahKpIJKLBr8\00043.mp4
id01611,15,aac\id01611\hUGwrYWV-uA\00045.m4a,mp4\id01611\hUGwrYWV-uA\00045.mp4
id01611,15,aac\id01611\8aLtJ3ALZuU\00005.m4a,mp4\id01611\8aLtJ3ALZuU\00005.mp4
id01611,15,aac\id01611\ahKpIJKLBr8\00042.m4a,mp4\id01611\ahKpIJKLBr8\00042.mp4
id01611,15,aac\id01611\5chXRjiRzDA\00002.m4a,mp4\id01611\5chXRjiRzDA\00002.mp4
id01611,15,aac\id01611\aMKUy5dCW5Q\00039.m4a,mp4\id01611\aMKUy5dCW5Q\00039.mp4
id01611,15,aac\id01611\aMKUy5dCW5Q\00037.m4a,mp4\id01611\aMKUy5dCW5Q\00037.mp4
id01611,15,aac\id01611\5chXRjiRzDA\00003.m4a,mp4\id01611\5chXRjiRzDA\00003.mp4
id01611,15,aac\id01611\5chXRjiRzDA\00001.m4a,mp4\id01611\5chXRjiRzDA\00001.mp4
id01611,15,aac\id01611\ahKpIJKLBr8\00041.m4a,mp4\id01611\ahKpIJKLBr8\00041.mp4
id01611,15,aac\id01611\8aLtJ3ALZuU\00006.m4a,mp4\id01611\8aLtJ3ALZuU\00006.mp4
id01611,15,aac\id01611\IKLG4x27dPU\00011.m4a,mp4\id01611\IKLG4x27dPU\00011.mp4
id01611,15,aac\id01611\dYoTQxsVgWc\00044.m4a,mp4\id01611\dYoTQxsVgWc\00044.mp4
id01611,15,aac\id01611\8aLtJ3ALZuU\00008.m4a,mp4\id01611\8aLtJ3ALZuU\00008.mp4
id01611,15,aac\id01611\8aLtJ3ALZuU\00007.m4a,mp4\id01611\8aLtJ3ALZuU\00007.mp4
id01611,15,aac\id01611\8aLtJ3ALZuU\00010.m4a,mp4\id01611\8aLtJ3ALZuU\00010.mp4
id01611,15,aac\id01611\ahKpIJKLBr8\00040.m4a,mp4\id01611\ahKpIJKLBr8\00040.mp4
id01611,15,aac\id01611\5chXRjiRzDA\00004.m4a,mp4\id01611\5chXRjiRzDA\00004.mp4
id01611,15,aac\id01611\8aLtJ3ALZuU\00009.m4a,mp4\id01611\8aLtJ3ALZuU\00009.mp4
id00251,16,aac\id00251\11Fs12ZRru8\00015.m4a,mp4\id00251\11Fs12ZRru8\00015.mp4
id00251,16,aac\id00251\11Fs12ZRru8\00014.m4a,mp4\id00251\11Fs12ZRru8\00014.mp4
id00251,16,aac\id00251\11Fs12ZRru8\00017.m4a,mp4\id00251\11Fs12ZRru8\00017.mp4
id00251,16,aac\id00251\0V6Xnj9C2Jo\00007.m4a,mp4\id00251\0V6Xnj9C2Jo\00007.mp4
id00251,16,aac\id00251\11Fs12ZRru8\00018.m4a,mp4\id00251\11Fs12ZRru8\00018.mp4
id00251,16,aac\id00251\0V6Xnj9C2Jo\00009.m4a,mp4\id00251\0V6Xnj9C2Jo\00009.mp4
id00251,16,aac\id00251\0V6Xnj9C2Jo\00005.m4a,mp4\id00251\0V6Xnj9C2Jo\00005.mp4
id00251,16,aac\id00251\0V6Xnj9C2Jo\00003.m4a,mp4\id00251\0V6Xnj9C2Jo\00003.mp4
id00251,16,aac\id00251\11Fs12ZRru8\00020.m4a,mp4\id00251\11Fs12ZRru8\00020.mp4
id00251,16,aac\id00251\0V6Xnj9C2Jo\00006.m4a,mp4\id00251\0V6Xnj9C2Jo\00006.mp4
id00251,16,aac\id00251\11Fs12ZRru8\00013.m4a,mp4\id00251\11Fs12ZRru8\00013.mp4
id00251,16,aac\id00251\0V6Xnj9C2Jo\00001.m4a,mp4\id00251\0V6Xnj9C2Jo\00001.mp4
id00251,16,aac\id00251\0V6Xnj9C2Jo\00008.m4a,mp4\id00251\0V6Xnj9C2Jo\00008.mp4
id00251,16,aac\id00251\0V6Xnj9C2Jo\00004.m4a,mp4\id00251\0V6Xnj9C2Jo\00004.mp4
id00251,16,aac\id00251\0V6Xnj9C2Jo\00002.m4a,mp4\id00251\0V6Xnj9C2Jo\00002.mp4
id00251,16,aac\id00251\11Fs12ZRru8\00019.m4a,mp4\id00251\11Fs12ZRru8\00019.mp4
id00251,16,aac\id00251\0V6Xnj9C2Jo\00010.m4a,mp4\id00251\0V6Xnj9C2Jo\00010.mp4
id00251,16,aac\id00251\0V6Xnj9C2Jo\00011.m4a,mp4\id00251\0V6Xnj9C2Jo\00011.mp4
id00251,16,aac\id00251\11Fs12ZRru8\00016.m4a,mp4\id00251\11Fs12ZRru8\00016.mp4
id00251,16,aac\id00251\11Fs12ZRru8\00012.m4a,mp4\id00251\11Fs12ZRru8\00012.mp4
id05535,17,aac\id05535\0SnxKrFW0TM\00007.m4a,mp4\id05535\0SnxKrFW0TM\00007.mp4
id05535,17,aac\id05535\3dNNbP-FpDk\00011.m4a,mp4\id05535\3dNNbP-FpDk\00011.mp4
id05535,17,aac\id05535\3dNNbP-FpDk\00009.m4a,mp4\id05535\3dNNbP-FpDk\00009.mp4
id05535,17,aac\id05535\0SnxKrFW0TM\00004.m4a,mp4\id05535\0SnxKrFW0TM\00004.mp4
id05535,17,aac\id05535\0SnxKrFW0TM\00005.m4a,mp4\id05535\0SnxKrFW0TM\00005.mp4
id05535,17,aac\id05535\3dNNbP-FpDk\00017.m4a,mp4\id05535\3dNNbP-FpDk\00017.mp4
id05535,17,aac\id05535\3dNNbP-FpDk\00013.m4a,mp4\id05535\3dNNbP-FpDk\00013.mp4
id05535,17,aac\id05535\6GgpejYYqdo\00020.m4a,mp4\id05535\6GgpejYYqdo\00020.mp4
id05535,17,aac\id05535\3dNNbP-FpDk\00016.m4a,mp4\id05535\3dNNbP-FpDk\00016.mp4
id05535,17,aac\id05535\3dNNbP-FpDk\00015.m4a,mp4\id05535\3dNNbP-FpDk\00015.mp4
id05535,17,aac\id05535\3dNNbP-FpDk\00014.m4a,mp4\id05535\3dNNbP-FpDk\00014.mp4
id05535,17,aac\id05535\0SnxKrFW0TM\00001.m4a,mp4\id05535\0SnxKrFW0TM\00001.mp4
id05535,17,aac\id05535\0SnxKrFW0TM\00002.m4a,mp4\id05535\0SnxKrFW0TM\00002.mp4
id05535,17,aac\id05535\0SnxKrFW0TM\00006.m4a,mp4\id05535\0SnxKrFW0TM\00006.mp4
id05535,17,aac\id05535\4fkJyofCZG0\00019.m4a,mp4\id05535\4fkJyofCZG0\00019.mp4
id05535,17,aac\id05535\4fkJyofCZG0\00018.m4a,mp4\id05535\4fkJyofCZG0\00018.mp4
id05535,17,aac\id05535\3dNNbP-FpDk\00010.m4a,mp4\id05535\3dNNbP-FpDk\00010.mp4
id05535,17,aac\id05535\3dNNbP-FpDk\00012.m4a,mp4\id05535\3dNNbP-FpDk\00012.mp4
id05535,17,aac\id05535\0SnxKrFW0TM\00008.m4a,mp4\id05535\0SnxKrFW0TM\00008.mp4
id05535,17,aac\id05535\0SnxKrFW0TM\00003.m4a,mp4\id05535\0SnxKrFW0TM\00003.mp4
id08746,18,aac\id08746\2X49U50gjrw\00013.m4a,mp4\id08746\2X49U50gjrw\00013.mp4
id08746,18,aac\id08746\3lf40OaOvpU\00020.m4a,mp4\id08746\3lf40OaOvpU\00020.mp4
id08746,18,aac\id08746\0oGNWF6yEjk\00006.m4a,mp4\id08746\0oGNWF6yEjk\00006.mp4
id08746,18,aac\id08746\0oGNWF6yEjk\00003.m4a,mp4\id08746\0oGNWF6yEjk\00003.mp4
id08746,18,aac\id08746\0oGNWF6yEjk\00005.m4a,mp4\id08746\0oGNWF6yEjk\00005.mp4
id08746,18,aac\id08746\3lf40OaOvpU\00015.m4a,mp4\id08746\3lf40OaOvpU\00015.mp4
id08746,18,aac\id08746\0oGNWF6yEjk\00008.m4a,mp4\id08746\0oGNWF6yEjk\00008.mp4
id08746,18,aac\id08746\3haSzF7b-Tk\00014.m4a,mp4\id08746\3haSzF7b-Tk\00014.mp4
id08746,18,aac\id08746\2X49U50gjrw\00012.m4a,mp4\id08746\2X49U50gjrw\00012.mp4
id08746,18,aac\id08746\3lf40OaOvpU\00016.m4a,mp4\id08746\3lf40OaOvpU\00016.mp4
id08746,18,aac\id08746\0oGNWF6yEjk\00001.m4a,mp4\id08746\0oGNWF6yEjk\00001.mp4
id08746,18,aac\id08746\3lf40OaOvpU\00019.m4a,mp4\id08746\3lf40OaOvpU\00019.mp4
id08746,18,aac\id08746\2X49U50gjrw\00010.m4a,mp4\id08746\2X49U50gjrw\00010.mp4
id08746,18,aac\id08746\0oGNWF6yEjk\00007.m4a,mp4\id08746\0oGNWF6yEjk\00007.mp4
id08746,18,aac\id08746\0oGNWF6yEjk\00002.m4a,mp4\id08746\0oGNWF6yEjk\00002.mp4
id08746,18,aac\id08746\0oGNWF6yEjk\00004.m4a,mp4\id08746\0oGNWF6yEjk\00004.mp4
id08746,18,aac\id08746\3lf40OaOvpU\00017.m4a,mp4\id08746\3lf40OaOvpU\00017.mp4
id08746,18,aac\id08746\2X49U50gjrw\00011.m4a,mp4\id08746\2X49U50gjrw\00011.mp4
id08746,18,aac\id08746\3lf40OaOvpU\00018.m4a,mp4\id08746\3lf40OaOvpU\00018.mp4
id08746,18,aac\id08746\10-y9rQRaoE\00009.m4a,mp4\id08746\10-y9rQRaoE\00009.mp4
id01641,19,aac\id01641\Db00xSo35ZU\00003.m4a,mp4\id01641\Db00xSo35ZU\00003.mp4
id01641,19,aac\id01641\Db00xSo35ZU\00002.m4a,mp4\id01641\Db00xSo35ZU\00002.mp4
id01641,19,aac\id01641\Db00xSo35ZU\00004.m4a,mp4\id01641\Db00xSo35ZU\00004.mp4
id01641,19,aac\id01641\ctTlUlOBXpo\00058.m4a,mp4\id01641\ctTlUlOBXpo\00058.mp4
id01641,19,aac\id01641\Db00xSo35ZU\00005.m4a,mp4\id01641\Db00xSo35ZU\00005.mp4
id01641,19,aac\id01641\GLQgMIAHEXo\00008.m4a,mp4\id01641\GLQgMIAHEXo\00008.mp4
id01641,19,aac\id01641\fdMTFYHH_KI\00061.m4a,mp4\id01641\fdMTFYHH_KI\00061.mp4
id01641,19,aac\id01641\fdMTFYHH_KI\00060.m4a,mp4\id01641\fdMTFYHH_KI\00060.mp4
id01641,19,aac\id01641\GLQgMIAHEXo\00007.m4a,mp4\id01641\GLQgMIAHEXo\00007.mp4
id01641,19,aac\id01641\GLQgMIAHEXo\00010.m4a,mp4\id01641\GLQgMIAHEXo\00010.mp4
id01641,19,aac\id01641\GLQgMIAHEXo\00009.m4a,mp4\id01641\GLQgMIAHEXo\00009.mp4
id01641,19,aac\id01641\GLQgMIAHEXo\00015.m4a,mp4\id01641\GLQgMIAHEXo\00015.mp4
id01641,19,aac\id01641\Db00xSo35ZU\00001.m4a,mp4\id01641\Db00xSo35ZU\00001.mp4
id01641,19,aac\id01641\ctTlUlOBXpo\00059.m4a,mp4\id01641\ctTlUlOBXpo\00059.mp4
id01641,19,aac\id01641\GLQgMIAHEXo\00012.m4a,mp4\id01641\GLQgMIAHEXo\00012.mp4
id01641,19,aac\id01641\GLQgMIAHEXo\00013.m4a,mp4\id01641\GLQgMIAHEXo\00013.mp4
id01641,19,aac\id01641\GLQgMIAHEXo\00014.m4a,mp4\id01641\GLQgMIAHEXo\00014.mp4
id01641,19,aac\id01641\GLQgMIAHEXo\00011.m4a,mp4\id01641\GLQgMIAHEXo\00011.mp4
id01641,19,aac\id01641\EeR_th_OCoA\00006.m4a,mp4\id01641\EeR_th_OCoA\00006.mp4
id01641,19,aac\id01641\fdMTFYHH_KI\00062.m4a,mp4\id01641\fdMTFYHH_KI\00062.mp4
id01840,20,aac\id01840\0nJOuiOV2RM\00005.m4a,mp4\id01840\0nJOuiOV2RM\00005.mp4
id01840,20,aac\id01840\1eVJLW-WbUg\00014.m4a,mp4\id01840\1eVJLW-WbUg\00014.mp4
id01840,20,aac\id01840\1eVJLW-WbUg\00020.m4a,mp4\id01840\1eVJLW-WbUg\00020.mp4
id01840,20,aac\id01840\1eVJLW-WbUg\00012.m4a,mp4\id01840\1eVJLW-WbUg\00012.mp4
id01840,20,aac\id01840\1eVJLW-WbUg\00013.m4a,mp4\id01840\1eVJLW-WbUg\00013.mp4
id01840,20,aac\id01840\0nJOuiOV2RM\00004.m4a,mp4\id01840\0nJOuiOV2RM\00004.mp4
id01840,20,aac\id01840\0nJOuiOV2RM\00006.m4a,mp4\id01840\0nJOuiOV2RM\00006.mp4
id01840,20,aac\id01840\0nJOuiOV2RM\00007.m4a,mp4\id01840\0nJOuiOV2RM\00007.mp4
id01840,20,aac\id01840\1eVJLW-WbUg\00017.m4a,mp4\id01840\1eVJLW-WbUg\00017.mp4
id01840,20,aac\id01840\1eVJLW-WbUg\00015.m4a,mp4\id01840\1eVJLW-WbUg\00015.mp4
id01840,20,aac\id01840\1eVJLW-WbUg\00019.m4a,mp4\id01840\1eVJLW-WbUg\00019.mp4
id01840,20,aac\id01840\1eVJLW-WbUg\00018.m4a,mp4\id01840\1eVJLW-WbUg\00018.mp4
id01840,20,aac\id01840\0nJOuiOV2RM\00002.m4a,mp4\id01840\0nJOuiOV2RM\00002.mp4
id01840,20,aac\id01840\1eVJLW-WbUg\00010.m4a,mp4\id01840\1eVJLW-WbUg\00010.mp4
id01840,20,aac\id01840\1eVJLW-WbUg\00011.m4a,mp4\id01840\1eVJLW-WbUg\00011.mp4
id01840,20,aac\id01840\0nJOuiOV2RM\00003.m4a,mp4\id01840\0nJOuiOV2RM\00003.mp4
id01840,20,aac\id01840\1eVJLW-WbUg\00009.m4a,mp4\id01840\1eVJLW-WbUg\00009.mp4
id01840,20,aac\id01840\1eVJLW-WbUg\00016.m4a,mp4\id01840\1eVJLW-WbUg\00016.mp4
id01840,20,aac\id01840\0nJOuiOV2RM\00008.m4a,mp4\id01840\0nJOuiOV2RM\00008.mp4
id01840,20,aac\id01840\0nJOuiOV2RM\00001.m4a,mp4\id01840\0nJOuiOV2RM\00001.mp4
id03088,21,aac\id03088\0by0sj0-lyI\00016.m4a,mp4\id03088\0by0sj0-lyI\00016.mp4
id03088,21,aac\id03088\0by0sj0-lyI\00012.m4a,mp4\id03088\0by0sj0-lyI\00012.mp4
id03088,21,aac\id03088\0Nsaya3jY5E\00004.m4a,mp4\id03088\0Nsaya3jY5E\00004.mp4
id03088,21,aac\id03088\0Nsaya3jY5E\00003.m4a,mp4\id03088\0Nsaya3jY5E\00003.mp4
id03088,21,aac\id03088\0by0sj0-lyI\00010.m4a,mp4\id03088\0by0sj0-lyI\00010.mp4
id03088,21,aac\id03088\0Nsaya3jY5E\00005.m4a,mp4\id03088\0Nsaya3jY5E\00005.mp4
id03088,21,aac\id03088\0by0sj0-lyI\00009.m4a,mp4\id03088\0by0sj0-lyI\00009.mp4
id03088,21,aac\id03088\0Nsaya3jY5E\00006.m4a,mp4\id03088\0Nsaya3jY5E\00006.mp4
id03088,21,aac\id03088\0pNSQL1YeL8\00018.m4a,mp4\id03088\0pNSQL1YeL8\00018.mp4
id03088,21,aac\id03088\0by0sj0-lyI\00013.m4a,mp4\id03088\0by0sj0-lyI\00013.mp4
id03088,21,aac\id03088\0by0sj0-lyI\00014.m4a,mp4\id03088\0by0sj0-lyI\00014.mp4
id03088,21,aac\id03088\0by0sj0-lyI\00011.m4a,mp4\id03088\0by0sj0-lyI\00011.mp4
id03088,21,aac\id03088\0Nsaya3jY5E\00001.m4a,mp4\id03088\0Nsaya3jY5E\00001.mp4
id03088,21,aac\id03088\0pNSQL1YeL8\00019.m4a,mp4\id03088\0pNSQL1YeL8\00019.mp4
id03088,21,aac\id03088\0by0sj0-lyI\00015.m4a,mp4\id03088\0by0sj0-lyI\00015.mp4
id03088,21,aac\id03088\0Nsaya3jY5E\00007.m4a,mp4\id03088\0Nsaya3jY5E\00007.mp4
id03088,21,aac\id03088\0Nsaya3jY5E\00002.m4a,mp4\id03088\0Nsaya3jY5E\00002.mp4
id03088,21,aac\id03088\0pNSQL1YeL8\00017.m4a,mp4\id03088\0pNSQL1YeL8\00017.mp4
id03088,21,aac\id03088\0by0sj0-lyI\00008.m4a,mp4\id03088\0by0sj0-lyI\00008.mp4
id03088,21,aac\id03088\0pNSQL1YeL8\00020.m4a,mp4\id03088\0pNSQL1YeL8\00020.mp4
id08607,22,aac\id08607\0i5coIAynXs\00010.m4a,mp4\id08607\0i5coIAynXs\00010.mp4
id08607,22,aac\id08607\0i5coIAynXs\00013.m4a,mp4\id08607\0i5coIAynXs\00013.mp4
id08607,22,aac\id08607\0i5coIAynXs\00009.m4a,mp4\id08607\0i5coIAynXs\00009.mp4
id08607,22,aac\id08607\4vLqj-eWY5E\00016.m4a,mp4\id08607\4vLqj-eWY5E\00016.mp4
id08607,22,aac\id08607\4vLqj-eWY5E\00018.m4a,mp4\id08607\4vLqj-eWY5E\00018.mp4
id08607,22,aac\id08607\4vLqj-eWY5E\00019.m4a,mp4\id08607\4vLqj-eWY5E\00019.mp4
id08607,22,aac\id08607\0i5coIAynXs\00012.m4a,mp4\id08607\0i5coIAynXs\00012.mp4
id08607,22,aac\id08607\0Bmb6-qTyv8\00001.m4a,mp4\id08607\0Bmb6-qTyv8\00001.mp4
id08607,22,aac\id08607\0i5coIAynXs\00003.m4a,mp4\id08607\0i5coIAynXs\00003.mp4
id08607,22,aac\id08607\0i5coIAynXs\00011.m4a,mp4\id08607\0i5coIAynXs\00011.mp4
id08607,22,aac\id08607\1mzZ4mHbELw\00014.m4a,mp4\id08607\1mzZ4mHbELw\00014.mp4
id08607,22,aac\id08607\0i5coIAynXs\00004.m4a,mp4\id08607\0i5coIAynXs\00004.mp4
id08607,22,aac\id08607\0i5coIAynXs\00005.m4a,mp4\id08607\0i5coIAynXs\00005.mp4
id08607,22,aac\id08607\4vLqj-eWY5E\00017.m4a,mp4\id08607\4vLqj-eWY5E\00017.mp4
id08607,22,aac\id08607\0Bmb6-qTyv8\00002.m4a,mp4\id08607\0Bmb6-qTyv8\00002.mp4
id08607,22,aac\id08607\6icVOpEVCxs\00020.m4a,mp4\id08607\6icVOpEVCxs\00020.mp4
id08607,22,aac\id08607\1mzZ4mHbELw\00015.m4a,mp4\id08607\1mzZ4mHbELw\00015.mp4
id08607,22,aac\id08607\0i5coIAynXs\00006.m4a,mp4\id08607\0i5coIAynXs\00006.mp4
id08607,22,aac\id08607\0i5coIAynXs\00008.m4a,mp4\id08607\0i5coIAynXs\00008.mp4
id08607,22,aac\id08607\0i5coIAynXs\00007.m4a,mp4\id08607\0i5coIAynXs\00007.mp4
id00670,23,aac\id00670\892u_KTkVwM\00020.m4a,mp4\id00670\892u_KTkVwM\00020.mp4
id00670,23,aac\id00670\5cAnRUYdmZ8\00017.m4a,mp4\id00670\5cAnRUYdmZ8\00017.mp4
id00670,23,aac\id00670\4MJBefVVrKI\00011.m4a,mp4\id00670\4MJBefVVrKI\00011.mp4
id00670,23,aac\id00670\1ll3D-EBRiQ\00010.m4a,mp4\id00670\1ll3D-EBRiQ\00010.mp4
id00670,23,aac\id00670\4MJBefVVrKI\00012.m4a,mp4\id00670\4MJBefVVrKI\00012.mp4
id00670,23,aac\id00670\1ll3D-EBRiQ\00006.m4a,mp4\id00670\1ll3D-EBRiQ\00006.mp4
id00670,23,aac\id00670\117pYdzIu7w\00002.m4a,mp4\id00670\117pYdzIu7w\00002.mp4
id00670,23,aac\id00670\15D0cUDKegw\00004.m4a,mp4\id00670\15D0cUDKegw\00004.mp4
id00670,23,aac\id00670\117pYdzIu7w\00001.m4a,mp4\id00670\117pYdzIu7w\00001.mp4
id00670,23,aac\id00670\5cAnRUYdmZ8\00015.m4a,mp4\id00670\5cAnRUYdmZ8\00015.mp4
id00670,23,aac\id00670\1ll3D-EBRiQ\00009.m4a,mp4\id00670\1ll3D-EBRiQ\00009.mp4
id00670,23,aac\id00670\5cAnRUYdmZ8\00018.m4a,mp4\id00670\5cAnRUYdmZ8\00018.mp4
id00670,23,aac\id00670\1ll3D-EBRiQ\00008.m4a,mp4\id00670\1ll3D-EBRiQ\00008.mp4
id00670,23,aac\id00670\1ll3D-EBRiQ\00007.m4a,mp4\id00670\1ll3D-EBRiQ\00007.mp4
id00670,23,aac\id00670\5cAnRUYdmZ8\00016.m4a,mp4\id00670\5cAnRUYdmZ8\00016.mp4
id00670,23,aac\id00670\15D0cUDKegw\00005.m4a,mp4\id00670\15D0cUDKegw\00005.mp4
id00670,23,aac\id00670\5cAnRUYdmZ8\00019.m4a,mp4\id00670\5cAnRUYdmZ8\00019.mp4
id00670,23,aac\id00670\4MJBefVVrKI\00014.m4a,mp4\id00670\4MJBefVVrKI\00014.mp4
id00670,23,aac\id00670\4MJBefVVrKI\00013.m4a,mp4\id00670\4MJBefVVrKI\00013.mp4
id00670,23,aac\id00670\15D0cUDKegw\00003.m4a,mp4\id00670\15D0cUDKegw\00003.mp4
id02939,24,aac\id02939\QASSTZ8vYwY\00006.m4a,mp4\id02939\QASSTZ8vYwY\00006.mp4
id02939,24,aac\id02939\QASSTZ8vYwY\00011.m4a,mp4\id02939\QASSTZ8vYwY\00011.mp4
id02939,24,aac\id02939\1g-mgtL4r84\00001.m4a,mp4\id02939\1g-mgtL4r84\00001.mp4
id02939,24,aac\id02939\1g-mgtL4r84\00002.m4a,mp4\id02939\1g-mgtL4r84\00002.mp4
id02939,24,aac\id02939\lTt7ujU7PUY\00027.m4a,mp4\id02939\lTt7ujU7PUY\00027.mp4
id02939,24,aac\id02939\lTt7ujU7PUY\00028.m4a,mp4\id02939\lTt7ujU7PUY\00028.mp4
id02939,24,aac\id02939\QASSTZ8vYwY\00009.m4a,mp4\id02939\QASSTZ8vYwY\00009.mp4
id02939,24,aac\id02939\1g-mgtL4r84\00003.m4a,mp4\id02939\1g-mgtL4r84\00003.mp4
id02939,24,aac\id02939\QASSTZ8vYwY\00010.m4a,mp4\id02939\QASSTZ8vYwY\00010.mp4
id02939,24,aac\id02939\gpt-hnSKOfU\00025.m4a,mp4\id02939\gpt-hnSKOfU\00025.mp4
id02939,24,aac\id02939\QASSTZ8vYwY\00007.m4a,mp4\id02939\QASSTZ8vYwY\00007.mp4
id02939,24,aac\id02939\QASSTZ8vYwY\00008.m4a,mp4\id02939\QASSTZ8vYwY\00008.mp4
id02939,24,aac\id02939\dXNFTd3DoZM\00021.m4a,mp4\id02939\dXNFTd3DoZM\00021.mp4
id02939,24,aac\id02939\dXNFTd3DoZM\00022.m4a,mp4\id02939\dXNFTd3DoZM\00022.mp4
id02939,24,aac\id02939\lTt7ujU7PUY\00026.m4a,mp4\id02939\lTt7ujU7PUY\00026.mp4
id02939,24,aac\id02939\5RhO5SpA9_c\00004.m4a,mp4\id02939\5RhO5SpA9_c\00004.mp4
id02939,24,aac\id02939\dXNFTd3DoZM\00024.m4a,mp4\id02939\dXNFTd3DoZM\00024.mp4
id02939,24,aac\id02939\dXNFTd3DoZM\00023.m4a,mp4\id02939\dXNFTd3DoZM\00023.mp4
id02939,24,aac\id02939\QASSTZ8vYwY\00005.m4a,mp4\id02939\QASSTZ8vYwY\00005.mp4
id02939,24,aac\id02939\QASSTZ8vYwY\00012.m4a,mp4\id02939\QASSTZ8vYwY\00012.mp4
id07954,25,aac\id07954\0kizOGFocuo\00019.m4a,mp4\id07954\0kizOGFocuo\00019.mp4
id07954,25,aac\id07954\0kizOGFocuo\00009.m4a,mp4\id07954\0kizOGFocuo\00009.mp4
id07954,25,aac\id07954\0kizOGFocuo\00021.m4a,mp4\id07954\0kizOGFocuo\00021.mp4
id07954,25,aac\id07954\0grF4Q-4O1Q\00007.m4a,mp4\id07954\0grF4Q-4O1Q\00007.mp4
id07954,25,aac\id07954\0kizOGFocuo\00018.m4a,mp4\id07954\0kizOGFocuo\00018.mp4
id07954,25,aac\id07954\0kizOGFocuo\00013.m4a,mp4\id07954\0kizOGFocuo\00013.mp4
id07954,25,aac\id07954\0kizOGFocuo\00011.m4a,mp4\id07954\0kizOGFocuo\00011.mp4
id07954,25,aac\id07954\0kizOGFocuo\00016.m4a,mp4\id07954\0kizOGFocuo\00016.mp4
id07954,25,aac\id07954\0kizOGFocuo\00012.m4a,mp4\id07954\0kizOGFocuo\00012.mp4
id07954,25,aac\id07954\0kizOGFocuo\00020.m4a,mp4\id07954\0kizOGFocuo\00020.mp4
id07954,25,aac\id07954\0kizOGFocuo\00022.m4a,mp4\id07954\0kizOGFocuo\00022.mp4
id07954,25,aac\id07954\0kizOGFocuo\00014.m4a,mp4\id07954\0kizOGFocuo\00014.mp4
id07954,25,aac\id07954\0kizOGFocuo\00015.m4a,mp4\id07954\0kizOGFocuo\00015.mp4
id07954,25,aac\id07954\0kizOGFocuo\00008.m4a,mp4\id07954\0kizOGFocuo\00008.mp4
id07954,25,aac\id07954\0kizOGFocuo\00017.m4a,mp4\id07954\0kizOGFocuo\00017.mp4
id07954,25,aac\id07954\0kizOGFocuo\00025.m4a,mp4\id07954\0kizOGFocuo\00025.mp4
id07954,25,aac\id07954\0kizOGFocuo\00023.m4a,mp4\id07954\0kizOGFocuo\00023.mp4
id07954,25,aac\id07954\0grF4Q-4O1Q\00006.m4a,mp4\id07954\0grF4Q-4O1Q\00006.mp4
id07954,25,aac\id07954\0kizOGFocuo\00024.m4a,mp4\id07954\0kizOGFocuo\00024.mp4
id07954,25,aac\id07954\0kizOGFocuo\00010.m4a,mp4\id07954\0kizOGFocuo\00010.mp4
id03329,26,aac\id03329\TCRhHeZtuBE\00009.m4a,mp4\id03329\TCRhHeZtuBE\00009.mp4
id03329,26,aac\id03329\tILGHLySlZE\00023.m4a,mp4\id03329\tILGHLySlZE\00023.mp4
id03329,26,aac\id03329\DwfTQZNEg04\00001.m4a,mp4\id03329\DwfTQZNEg04\00001.mp4
id03329,26,aac\id03329\p2BUvfTUB6Q\00016.m4a,mp4\id03329\p2BUvfTUB6Q\00016.mp4
id03329,26,aac\id03329\TCRhHeZtuBE\00008.m4a,mp4\id03329\TCRhHeZtuBE\00008.mp4
id03329,26,aac\id03329\UNjibY55Fk0\00010.m4a,mp4\id03329\UNjibY55Fk0\00010.mp4
id03329,26,aac\id03329\scE7Urp2hHM\00020.m4a,mp4\id03329\scE7Urp2hHM\00020.mp4
id03329,26,aac\id03329\DwfTQZNEg04\00005.m4a,mp4\id03329\DwfTQZNEg04\00005.mp4
id03329,26,aac\id03329\tILGHLySlZE\00022.m4a,mp4\id03329\tILGHLySlZE\00022.mp4
id03329,26,aac\id03329\DwfTQZNEg04\00004.m4a,mp4\id03329\DwfTQZNEg04\00004.mp4
id03329,26,aac\id03329\scE7Urp2hHM\00019.m4a,mp4\id03329\scE7Urp2hHM\00019.mp4
id03329,26,aac\id03329\TCRhHeZtuBE\00007.m4a,mp4\id03329\TCRhHeZtuBE\00007.mp4
id03329,26,aac\id03329\DwfTQZNEg04\00002.m4a,mp4\id03329\DwfTQZNEg04\00002.mp4
id03329,26,aac\id03329\p2BUvfTUB6Q\00015.m4a,mp4\id03329\p2BUvfTUB6Q\00015.mp4
id03329,26,aac\id03329\DwfTQZNEg04\00003.m4a,mp4\id03329\DwfTQZNEg04\00003.mp4
id03329,26,aac\id03329\qol64jKthag\00018.m4a,mp4\id03329\qol64jKthag\00018.mp4
id03329,26,aac\id03329\tILGHLySlZE\00021.m4a,mp4\id03329\tILGHLySlZE\00021.mp4
id03329,26,aac\id03329\UNjibY55Fk0\00011.m4a,mp4\id03329\UNjibY55Fk0\00011.mp4
id03329,26,aac\id03329\qol64jKthag\00017.m4a,mp4\id03329\qol64jKthag\00017.mp4
id03329,26,aac\id03329\TCRhHeZtuBE\00006.m4a,mp4\id03329\TCRhHeZtuBE\00006.mp4
id06596,27,aac\id06596\hiF_t6hwL00\00067.m4a,mp4\id06596\hiF_t6hwL00\00067.mp4
id06596,27,aac\id06596\B-tN5X1XkTI\00006.m4a,mp4\id06596\B-tN5X1XkTI\00006.mp4
id06596,27,aac\id06596\4aUtsgr-cec\00004.m4a,mp4\id06596\4aUtsgr-cec\00004.mp4
id06596,27,aac\id06596\4aUtsgr-cec\00002.m4a,mp4\id06596\4aUtsgr-cec\00002.mp4
id06596,27,aac\id06596\eEi7vQBcyyA\00062.m4a,mp4\id06596\eEi7vQBcyyA\00062.mp4
id06596,27,aac\id06596\hiF_t6hwL00\00065.m4a,mp4\id06596\hiF_t6hwL00\00065.mp4
id06596,27,aac\id06596\4aUtsgr-cec\00003.m4a,mp4\id06596\4aUtsgr-cec\00003.mp4
id06596,27,aac\id06596\eEi7vQBcyyA\00063.m4a,mp4\id06596\eEi7vQBcyyA\00063.mp4
id06596,27,aac\id06596\35UNHibmj2w\00001.m4a,mp4\id06596\35UNHibmj2w\00001.mp4
id06596,27,aac\id06596\j7fLN-fG_Wc\00068.m4a,mp4\id06596\j7fLN-fG_Wc\00068.mp4
id06596,27,aac\id06596\JgOQfeIoq6g\00011.m4a,mp4\id06596\JgOQfeIoq6g\00011.mp4
id06596,27,aac\id06596\JgOQfeIoq6g\00008.m4a,mp4\id06596\JgOQfeIoq6g\00008.mp4
id06596,27,aac\id06596\hiF_t6hwL00\00066.m4a,mp4\id06596\hiF_t6hwL00\00066.mp4
id06596,27,aac\id06596\c7BPAMdpNYo\00060.m4a,mp4\id06596\c7BPAMdpNYo\00060.mp4
id06596,27,aac\id06596\4aUtsgr-cec\00005.m4a,mp4\id06596\4aUtsgr-cec\00005.mp4
id06596,27,aac\id06596\GZCukWmGnFI\00007.m4a,mp4\id06596\GZCukWmGnFI\00007.mp4
id06596,27,aac\id06596\c7BPAMdpNYo\00061.m4a,mp4\id06596\c7BPAMdpNYo\00061.mp4
id06596,27,aac\id06596\JgOQfeIoq6g\00009.m4a,mp4\id06596\JgOQfeIoq6g\00009.mp4
id06596,27,aac\id06596\JgOQfeIoq6g\00010.m4a,mp4\id06596\JgOQfeIoq6g\00010.mp4
id06596,27,aac\id06596\eEi7vQBcyyA\00064.m4a,mp4\id06596\eEi7vQBcyyA\00064.mp4
id05614,28,aac\id05614\9_Nsi5DzxPw\00013.m4a,mp4\id05614\9_Nsi5DzxPw\00013.mp4
id05614,28,aac\id05614\aMs_s9bEoYI\00110.m4a,mp4\id05614\aMs_s9bEoYI\00110.mp4
id05614,28,aac\id05614\7fyMq-xlEk4\00006.m4a,mp4\id05614\7fyMq-xlEk4\00006.mp4
id05614,28,aac\id05614\aMs_s9bEoYI\00109.m4a,mp4\id05614\aMs_s9bEoYI\00109.mp4
id05614,28,aac\id05614\aNoJVPVoFDE\00114.m4a,mp4\id05614\aNoJVPVoFDE\00114.mp4
id05614,28,aac\id05614\9_Nsi5DzxPw\00007.m4a,mp4\id05614\9_Nsi5DzxPw\00007.mp4
id05614,28,aac\id05614\9_Nsi5DzxPw\00009.m4a,mp4\id05614\9_Nsi5DzxPw\00009.mp4
id05614,28,aac\id05614\aMs_s9bEoYI\00111.m4a,mp4\id05614\aMs_s9bEoYI\00111.mp4
id05614,28,aac\id05614\7fyMq-xlEk4\00001.m4a,mp4\id05614\7fyMq-xlEk4\00001.mp4
id05614,28,aac\id05614\aNoJVPVoFDE\00115.m4a,mp4\id05614\aNoJVPVoFDE\00115.mp4
id05614,28,aac\id05614\7fyMq-xlEk4\00003.m4a,mp4\id05614\7fyMq-xlEk4\00003.mp4
id05614,28,aac\id05614\7fyMq-xlEk4\00004.m4a,mp4\id05614\7fyMq-xlEk4\00004.mp4
id05614,28,aac\id05614\9_Nsi5DzxPw\00011.m4a,mp4\id05614\9_Nsi5DzxPw\00011.mp4
id05614,28,aac\id05614\7fyMq-xlEk4\00002.m4a,mp4\id05614\7fyMq-xlEk4\00002.mp4
id05614,28,aac\id05614\9_Nsi5DzxPw\00010.m4a,mp4\id05614\9_Nsi5DzxPw\00010.mp4
id05614,28,aac\id05614\aNoJVPVoFDE\00113.m4a,mp4\id05614\aNoJVPVoFDE\00113.mp4
id05614,28,aac\id05614\9_Nsi5DzxPw\00012.m4a,mp4\id05614\9_Nsi5DzxPw\00012.mp4
id05614,28,aac\id05614\7fyMq-xlEk4\00005.m4a,mp4\id05614\7fyMq-xlEk4\00005.mp4
id05614,28,aac\id05614\9_Nsi5DzxPw\00008.m4a,mp4\id05614\9_Nsi5DzxPw\00008.mp4
id05614,28,aac\id05614\aNoJVPVoFDE\00112.m4a,mp4\id05614\aNoJVPVoFDE\00112.mp4
id05516,29,aac\id05516\IHbwKPQtRYM\00010.m4a,mp4\id05516\IHbwKPQtRYM\00010.mp4
id05516,29,aac\id05516\2MpB3_lOJb4\00003.m4a,mp4\id05516\2MpB3_lOJb4\00003.mp4
id05516,29,aac\id05516\mwyaffMLCLI\00024.m4a,mp4\id05516\mwyaffMLCLI\00024.mp4
id05516,29,aac\id05516\mwyaffMLCLI\00023.m4a,mp4\id05516\mwyaffMLCLI\00023.mp4
id05516,29,aac\id05516\2MpB3_lOJb4\00007.m4a,mp4\id05516\2MpB3_lOJb4\00007.mp4
id05516,29,aac\id05516\2MpB3_lOJb4\00004.m4a,mp4\id05516\2MpB3_lOJb4\00004.mp4
id05516,29,aac\id05516\2MpB3_lOJb4\00009.m4a,mp4\id05516\2MpB3_lOJb4\00009.mp4
id05516,29,aac\id05516\mwyaffMLCLI\00025.m4a,mp4\id05516\mwyaffMLCLI\00025.mp4
id05516,29,aac\id05516\2MpB3_lOJb4\00005.m4a,mp4\id05516\2MpB3_lOJb4\00005.mp4
id05516,29,aac\id05516\2MpB3_lOJb4\00006.m4a,mp4\id05516\2MpB3_lOJb4\00006.mp4
id05516,29,aac\id05516\mwyaffMLCLI\00019.m4a,mp4\id05516\mwyaffMLCLI\00019.mp4
id05516,29,aac\id05516\mwyaffMLCLI\00021.m4a,mp4\id05516\mwyaffMLCLI\00021.mp4
id05516,29,aac\id05516\mwyaffMLCLI\00020.m4a,mp4\id05516\mwyaffMLCLI\00020.mp4
id05516,29,aac\id05516\mwyaffMLCLI\00022.m4a,mp4\id05516\mwyaffMLCLI\00022.mp4
id05516,29,aac\id05516\2MpB3_lOJb4\00001.m4a,mp4\id05516\2MpB3_lOJb4\00001.mp4
id05516,29,aac\id05516\bAdjiZAEISA\00017.m4a,mp4\id05516\bAdjiZAEISA\00017.mp4
id05516,29,aac\id05516\2MpB3_lOJb4\00002.m4a,mp4\id05516\2MpB3_lOJb4\00002.mp4
id05516,29,aac\id05516\mwyaffMLCLI\00018.m4a,mp4\id05516\mwyaffMLCLI\00018.mp4
id05516,29,aac\id05516\2MpB3_lOJb4\00008.m4a,mp4\id05516\2MpB3_lOJb4\00008.mp4
id05516,29,aac\id05516\IHbwKPQtRYM\00011.m4a,mp4\id05516\IHbwKPQtRYM\00011.mp4
id05693,30,aac\id05693\2PyEVDRo4Go\00006.m4a,mp4\id05693\2PyEVDRo4Go\00006.mp4
id05693,30,aac\id05693\2PyEVDRo4Go\00010.m4a,mp4\id05693\2PyEVDRo4Go\00010.mp4
id05693,30,aac\id05693\2PyEVDRo4Go\00002.m4a,mp4\id05693\2PyEVDRo4Go\00002.mp4
id05693,30,aac\id05693\2eHrQRo_41s\00014.m4a,mp4\id05693\2eHrQRo_41s\00014.mp4
id05693,30,aac\id05693\2PyEVDRo4Go\00011.m4a,mp4\id05693\2PyEVDRo4Go\00011.mp4
id05693,30,aac\id05693\2eHrQRo_41s\00019.m4a,mp4\id05693\2eHrQRo_41s\00019.mp4
id05693,30,aac\id05693\2PyEVDRo4Go\00003.m4a,mp4\id05693\2PyEVDRo4Go\00003.mp4
id05693,30,aac\id05693\2PyEVDRo4Go\00007.m4a,mp4\id05693\2PyEVDRo4Go\00007.mp4
id05693,30,aac\id05693\2PyEVDRo4Go\00005.m4a,mp4\id05693\2PyEVDRo4Go\00005.mp4
id05693,30,aac\id05693\2PyEVDRo4Go\00012.m4a,mp4\id05693\2PyEVDRo4Go\00012.mp4
id05693,30,aac\id05693\2eHrQRo_41s\00020.m4a,mp4\id05693\2eHrQRo_41s\00020.mp4
id05693,30,aac\id05693\2eHrQRo_41s\00013.m4a,mp4\id05693\2eHrQRo_41s\00013.mp4
id05693,30,aac\id05693\2PyEVDRo4Go\00009.m4a,mp4\id05693\2PyEVDRo4Go\00009.mp4
id05693,30,aac\id05693\2PyEVDRo4Go\00001.m4a,mp4\id05693\2PyEVDRo4Go\00001.mp4
id05693,30,aac\id05693\2PyEVDRo4Go\00004.m4a,mp4\id05693\2PyEVDRo4Go\00004.mp4
id05693,30,aac\id05693\2eHrQRo_41s\00015.m4a,mp4\id05693\2eHrQRo_41s\00015.mp4
id05693,30,aac\id05693\2eHrQRo_41s\00017.m4a,mp4\id05693\2eHrQRo_41s\00017.mp4
id05693,30,aac\id05693\2eHrQRo_41s\00016.m4a,mp4\id05693\2eHrQRo_41s\00016.mp4
id05693,30,aac\id05693\2PyEVDRo4Go\00008.m4a,mp4\id05693\2PyEVDRo4Go\00008.mp4
id05693,30,aac\id05693\2eHrQRo_41s\00018.m4a,mp4\id05693\2eHrQRo_41s\00018.mp4
id09075,31,aac\id09075\B4BeTapcBZo\00002.m4a,mp4\id09075\B4BeTapcBZo\00002.mp4
id09075,31,aac\id09075\OG_EXSx-9n0\00008.m4a,mp4\id09075\OG_EXSx-9n0\00008.mp4
id09075,31,aac\id09075\PUeyAgQ2Xoc\00009.m4a,mp4\id09075\PUeyAgQ2Xoc\00009.mp4
id09075,31,aac\id09075\PUeyAgQ2Xoc\00012.m4a,mp4\id09075\PUeyAgQ2Xoc\00012.mp4
id09075,31,aac\id09075\PUeyAgQ2Xoc\00018.m4a,mp4\id09075\PUeyAgQ2Xoc\00018.mp4
id09075,31,aac\id09075\PUeyAgQ2Xoc\00010.m4a,mp4\id09075\PUeyAgQ2Xoc\00010.mp4
id09075,31,aac\id09075\OG_EXSx-9n0\00007.m4a,mp4\id09075\OG_EXSx-9n0\00007.mp4
id09075,31,aac\id09075\PUeyAgQ2Xoc\00015.m4a,mp4\id09075\PUeyAgQ2Xoc\00015.mp4
id09075,31,aac\id09075\PUeyAgQ2Xoc\00014.m4a,mp4\id09075\PUeyAgQ2Xoc\00014.mp4
id09075,31,aac\id09075\PUeyAgQ2Xoc\00019.m4a,mp4\id09075\PUeyAgQ2Xoc\00019.mp4
id09075,31,aac\id09075\B4BeTapcBZo\00005.m4a,mp4\id09075\B4BeTapcBZo\00005.mp4
id09075,31,aac\id09075\PUeyAgQ2Xoc\00013.m4a,mp4\id09075\PUeyAgQ2Xoc\00013.mp4
id09075,31,aac\id09075\B4BeTapcBZo\00001.m4a,mp4\id09075\B4BeTapcBZo\00001.mp4
id09075,31,aac\id09075\PUeyAgQ2Xoc\00016.m4a,mp4\id09075\PUeyAgQ2Xoc\00016.mp4
id09075,31,aac\id09075\I1iuDhGzYHc\00006.m4a,mp4\id09075\I1iuDhGzYHc\00006.mp4
id09075,31,aac\id09075\pi0sKU4BAZc\00057.m4a,mp4\id09075\pi0sKU4BAZc\00057.mp4
id09075,31,aac\id09075\B4BeTapcBZo\00003.m4a,mp4\id09075\B4BeTapcBZo\00003.mp4
id09075,31,aac\id09075\B4BeTapcBZo\00004.m4a,mp4\id09075\B4BeTapcBZo\00004.mp4
id09075,31,aac\id09075\PUeyAgQ2Xoc\00011.m4a,mp4\id09075\PUeyAgQ2Xoc\00011.mp4
id09075,31,aac\id09075\PUeyAgQ2Xoc\00017.m4a,mp4\id09075\PUeyAgQ2Xoc\00017.mp4
id07983,32,aac\id07983\0RPM96XQa6Q\00002.m4a,mp4\id07983\0RPM96XQa6Q\00002.mp4
id07983,32,aac\id07983\0RPM96XQa6Q\00008.m4a,mp4\id07983\0RPM96XQa6Q\00008.mp4
id07983,32,aac\id07983\0RPM96XQa6Q\00007.m4a,mp4\id07983\0RPM96XQa6Q\00007.mp4
id07983,32,aac\id07983\CobLeDG5ebA\00013.m4a,mp4\id07983\CobLeDG5ebA\00013.mp4
id07983,32,aac\id07983\CobLeDG5ebA\00014.m4a,mp4\id07983\CobLeDG5ebA\00014.mp4
id07983,32,aac\id07983\0RPM96XQa6Q\00005.m4a,mp4\id07983\0RPM96XQa6Q\00005.mp4
id07983,32,aac\id07983\41XFuNo2GFM\00011.m4a,mp4\id07983\41XFuNo2GFM\00011.mp4
id07983,32,aac\id07983\CobLeDG5ebA\00020.m4a,mp4\id07983\CobLeDG5ebA\00020.mp4
id07983,32,aac\id07983\CobLeDG5ebA\00017.m4a,mp4\id07983\CobLeDG5ebA\00017.mp4
id07983,32,aac\id07983\CobLeDG5ebA\00016.m4a,mp4\id07983\CobLeDG5ebA\00016.mp4
id07983,32,aac\id07983\0RPM96XQa6Q\00001.m4a,mp4\id07983\0RPM96XQa6Q\00001.mp4
id07983,32,aac\id07983\CobLeDG5ebA\00015.m4a,mp4\id07983\CobLeDG5ebA\00015.mp4
id07983,32,aac\id07983\41XFuNo2GFM\00012.m4a,mp4\id07983\41XFuNo2GFM\00012.mp4
id07983,32,aac\id07983\0RPM96XQa6Q\00006.m4a,mp4\id07983\0RPM96XQa6Q\00006.mp4
id07983,32,aac\id07983\0RPM96XQa6Q\00010.m4a,mp4\id07983\0RPM96XQa6Q\00010.mp4
id07983,32,aac\id07983\0RPM96XQa6Q\00004.m4a,mp4\id07983\0RPM96XQa6Q\00004.mp4
id07983,32,aac\id07983\0RPM96XQa6Q\00003.m4a,mp4\id07983\0RPM96XQa6Q\00003.mp4
id07983,32,aac\id07983\0RPM96XQa6Q\00009.m4a,mp4\id07983\0RPM96XQa6Q\00009.mp4
id07983,32,aac\id07983\CobLeDG5ebA\00018.m4a,mp4\id07983\CobLeDG5ebA\00018.mp4
id07983,32,aac\id07983\CobLeDG5ebA\00019.m4a,mp4\id07983\CobLeDG5ebA\00019.mp4
id03672,33,aac\id03672\kLbJjFbTQyo\00032.m4a,mp4\id03672\kLbJjFbTQyo\00032.mp4
id03672,33,aac\id03672\6yUjrRnQMK8\00009.m4a,mp4\id03672\6yUjrRnQMK8\00009.mp4
id03672,33,aac\id03672\kLbJjFbTQyo\00034.m4a,mp4\id03672\kLbJjFbTQyo\00034.mp4
id03672,33,aac\id03672\kLbJjFbTQyo\00033.m4a,mp4\id03672\kLbJjFbTQyo\00033.mp4
id03672,33,aac\id03672\K_vNm9C_Y4o\00011.m4a,mp4\id03672\K_vNm9C_Y4o\00011.mp4
id03672,33,aac\id03672\kLbJjFbTQyo\00029.m4a,mp4\id03672\kLbJjFbTQyo\00029.mp4
id03672,33,aac\id03672\kLbJjFbTQyo\00031.m4a,mp4\id03672\kLbJjFbTQyo\00031.mp4
id03672,33,aac\id03672\K_vNm9C_Y4o\00012.m4a,mp4\id03672\K_vNm9C_Y4o\00012.mp4
id03672,33,aac\id03672\6yUjrRnQMK8\00006.m4a,mp4\id03672\6yUjrRnQMK8\00006.mp4
id03672,33,aac\id03672\3QccRegUe_E\00001.m4a,mp4\id03672\3QccRegUe_E\00001.mp4
id03672,33,aac\id03672\kLbJjFbTQyo\00030.m4a,mp4\id03672\kLbJjFbTQyo\00030.mp4
id03672,33,aac\id03672\6yUjrRnQMK8\00002.m4a,mp4\id03672\6yUjrRnQMK8\00002.mp4
id03672,33,aac\id03672\K_vNm9C_Y4o\00013.m4a,mp4\id03672\K_vNm9C_Y4o\00013.mp4
id03672,33,aac\id03672\6yUjrRnQMK8\00004.m4a,mp4\id03672\6yUjrRnQMK8\00004.mp4
id03672,33,aac\id03672\kLbJjFbTQyo\00035.m4a,mp4\id03672\kLbJjFbTQyo\00035.mp4
id03672,33,aac\id03672\6yUjrRnQMK8\00010.m4a,mp4\id03672\6yUjrRnQMK8\00010.mp4
id03672,33,aac\id03672\6yUjrRnQMK8\00005.m4a,mp4\id03672\6yUjrRnQMK8\00005.mp4
id03672,33,aac\id03672\6yUjrRnQMK8\00008.m4a,mp4\id03672\6yUjrRnQMK8\00008.mp4
id03672,33,aac\id03672\6yUjrRnQMK8\00003.m4a,mp4\id03672\6yUjrRnQMK8\00003.mp4
id03672,33,aac\id03672\6yUjrRnQMK8\00007.m4a,mp4\id03672\6yUjrRnQMK8\00007.mp4
id06138,34,aac\id06138\3YroZbFlx4c\00010.m4a,mp4\id06138\3YroZbFlx4c\00010.mp4
id06138,34,aac\id06138\3YroZbFlx4c\00018.m4a,mp4\id06138\3YroZbFlx4c\00018.mp4
id06138,34,aac\id06138\3YroZbFlx4c\00009.m4a,mp4\id06138\3YroZbFlx4c\00009.mp4
id06138,34,aac\id06138\3YroZbFlx4c\00020.m4a,mp4\id06138\3YroZbFlx4c\00020.mp4
id06138,34,aac\id06138\3McQlUex2uY\00002.m4a,mp4\id06138\3McQlUex2uY\00002.mp4
id06138,34,aac\id06138\3YroZbFlx4c\00012.m4a,mp4\id06138\3YroZbFlx4c\00012.mp4
id06138,34,aac\id06138\3McQlUex2uY\00001.m4a,mp4\id06138\3McQlUex2uY\00001.mp4
id06138,34,aac\id06138\3YroZbFlx4c\00015.m4a,mp4\id06138\3YroZbFlx4c\00015.mp4
id06138,34,aac\id06138\3YroZbFlx4c\00014.m4a,mp4\id06138\3YroZbFlx4c\00014.mp4
id06138,34,aac\id06138\3YroZbFlx4c\00007.m4a,mp4\id06138\3YroZbFlx4c\00007.mp4
id06138,34,aac\id06138\3YroZbFlx4c\00008.m4a,mp4\id06138\3YroZbFlx4c\00008.mp4
id06138,34,aac\id06138\3YroZbFlx4c\00017.m4a,mp4\id06138\3YroZbFlx4c\00017.mp4
id06138,34,aac\id06138\3YroZbFlx4c\00004.m4a,mp4\id06138\3YroZbFlx4c\00004.mp4
id06138,34,aac\id06138\3YroZbFlx4c\00005.m4a,mp4\id06138\3YroZbFlx4c\00005.mp4
id06138,34,aac\id06138\3YroZbFlx4c\00016.m4a,mp4\id06138\3YroZbFlx4c\00016.mp4
id06138,34,aac\id06138\3YroZbFlx4c\00006.m4a,mp4\id06138\3YroZbFlx4c\00006.mp4
id06138,34,aac\id06138\3YroZbFlx4c\00019.m4a,mp4\id06138\3YroZbFlx4c\00019.mp4
id06138,34,aac\id06138\3YroZbFlx4c\00013.m4a,mp4\id06138\3YroZbFlx4c\00013.mp4
id06138,34,aac\id06138\3YroZbFlx4c\00003.m4a,mp4\id06138\3YroZbFlx4c\00003.mp4
id06138,34,aac\id06138\3YroZbFlx4c\00011.m4a,mp4\id06138\3YroZbFlx4c\00011.mp4
id01536,35,aac\id01536\bS41plowY6I\00058.m4a,mp4\id01536\bS41plowY6I\00058.mp4
id01536,35,aac\id01536\iblVymHo9bU\00067.m4a,mp4\id01536\iblVymHo9bU\00067.mp4
id01536,35,aac\id01536\5OtcBB7b9cQ\00002.m4a,mp4\id01536\5OtcBB7b9cQ\00002.mp4
id01536,35,aac\id01536\CfIXS6g4bkw\00007.m4a,mp4\id01536\CfIXS6g4bkw\00007.mp4
id01536,35,aac\id01536\645DCUJ8aCU\00006.m4a,mp4\id01536\645DCUJ8aCU\00006.mp4
id01536,35,aac\id01536\fUzvS2av-3w\00059.m4a,mp4\id01536\fUzvS2av-3w\00059.mp4
id01536,35,aac\id01536\bS41plowY6I\00056.m4a,mp4\id01536\bS41plowY6I\00056.mp4
id01536,35,aac\id01536\645DCUJ8aCU\00005.m4a,mp4\id01536\645DCUJ8aCU\00005.mp4
id01536,35,aac\id01536\bS41plowY6I\00057.m4a,mp4\id01536\bS41plowY6I\00057.mp4
id01536,35,aac\id01536\5OtcBB7b9cQ\00001.m4a,mp4\id01536\5OtcBB7b9cQ\00001.mp4
id01536,35,aac\id01536\iblVymHo9bU\00064.m4a,mp4\id01536\iblVymHo9bU\00064.mp4
id01536,35,aac\id01536\iblVymHo9bU\00068.m4a,mp4\id01536\iblVymHo9bU\00068.mp4
id01536,35,aac\id01536\iblVymHo9bU\00063.m4a,mp4\id01536\iblVymHo9bU\00063.mp4
id01536,35,aac\id01536\iblVymHo9bU\00062.m4a,mp4\id01536\iblVymHo9bU\00062.mp4
id01536,35,aac\id01536\5OtcBB7b9cQ\00003.m4a,mp4\id01536\5OtcBB7b9cQ\00003.mp4
id01536,35,aac\id01536\645DCUJ8aCU\00004.m4a,mp4\id01536\645DCUJ8aCU\00004.mp4
id01536,35,aac\id01536\iblVymHo9bU\00066.m4a,mp4\id01536\iblVymHo9bU\00066.mp4
id01536,35,aac\id01536\iblVymHo9bU\00065.m4a,mp4\id01536\iblVymHo9bU\00065.mp4
id01536,35,aac\id01536\fUzvS2av-3w\00061.m4a,mp4\id01536\fUzvS2av-3w\00061.mp4
id01536,35,aac\id01536\fUzvS2av-3w\00060.m4a,mp4\id01536\fUzvS2av-3w\00060.mp4
id06199,36,aac\id06199\48cvqJBKAXk\00001.m4a,mp4\id06199\48cvqJBKAXk\00001.mp4
id06199,36,aac\id06199\48cvqJBKAXk\00004.m4a,mp4\id06199\48cvqJBKAXk\00004.mp4
id06199,36,aac\id06199\8QLWp7ctOxw\00012.m4a,mp4\id06199\8QLWp7ctOxw\00012.mp4
id06199,36,aac\id06199\jZ8NavhgO08\00033.m4a,mp4\id06199\jZ8NavhgO08\00033.mp4
id06199,36,aac\id06199\oF-xg9O0kiw\00036.m4a,mp4\id06199\oF-xg9O0kiw\00036.mp4
id06199,36,aac\id06199\48cvqJBKAXk\00002.m4a,mp4\id06199\48cvqJBKAXk\00002.mp4
id06199,36,aac\id06199\48cvqJBKAXk\00008.m4a,mp4\id06199\48cvqJBKAXk\00008.mp4
id06199,36,aac\id06199\48cvqJBKAXk\00007.m4a,mp4\id06199\48cvqJBKAXk\00007.mp4
id06199,36,aac\id06199\48cvqJBKAXk\00010.m4a,mp4\id06199\48cvqJBKAXk\00010.mp4
id06199,36,aac\id06199\jZqqbgB6S9k\00034.m4a,mp4\id06199\jZqqbgB6S9k\00034.mp4
id06199,36,aac\id06199\48cvqJBKAXk\00005.m4a,mp4\id06199\48cvqJBKAXk\00005.mp4
id06199,36,aac\id06199\jZqqbgB6S9k\00035.m4a,mp4\id06199\jZqqbgB6S9k\00035.mp4
id06199,36,aac\id06199\QjeueJvGhqw\00017.m4a,mp4\id06199\QjeueJvGhqw\00017.mp4
id06199,36,aac\id06199\oF-xg9O0kiw\00037.m4a,mp4\id06199\oF-xg9O0kiw\00037.mp4
id06199,36,aac\id06199\jZ8NavhgO08\00032.m4a,mp4\id06199\jZ8NavhgO08\00032.mp4
id06199,36,aac\id06199\48cvqJBKAXk\00006.m4a,mp4\id06199\48cvqJBKAXk\00006.mp4
id06199,36,aac\id06199\48cvqJBKAXk\00003.m4a,mp4\id06199\48cvqJBKAXk\00003.mp4
id06199,36,aac\id06199\48cvqJBKAXk\00011.m4a,mp4\id06199\48cvqJBKAXk\00011.mp4
id06199,36,aac\id06199\48cvqJBKAXk\00009.m4a,mp4\id06199\48cvqJBKAXk\00009.mp4
id06199,36,aac\id06199\oF-xg9O0kiw\00038.m4a,mp4\id06199\oF-xg9O0kiw\00038.mp4
id07491,37,aac\id07491\USfyr9OQB80\00019.m4a,mp4\id07491\USfyr9OQB80\00019.mp4
id07491,37,aac\id07491\7pcPzbW7CRw\00015.m4a,mp4\id07491\7pcPzbW7CRw\00015.mp4
id07491,37,aac\id07491\7pcPzbW7CRw\00016.m4a,mp4\id07491\7pcPzbW7CRw\00016.mp4
id07491,37,aac\id07491\7pcPzbW7CRw\00010.m4a,mp4\id07491\7pcPzbW7CRw\00010.mp4
id07491,37,aac\id07491\7pcPzbW7CRw\00011.m4a,mp4\id07491\7pcPzbW7CRw\00011.mp4
id07491,37,aac\id07491\3v9vIPMZisU\00008.m4a,mp4\id07491\3v9vIPMZisU\00008.mp4
id07491,37,aac\id07491\3v9vIPMZisU\00004.m4a,mp4\id07491\3v9vIPMZisU\00004.mp4
id07491,37,aac\id07491\3v9vIPMZisU\00009.m4a,mp4\id07491\3v9vIPMZisU\00009.mp4
id07491,37,aac\id07491\USfyr9OQB80\00020.m4a,mp4\id07491\USfyr9OQB80\00020.mp4
id07491,37,aac\id07491\7pcPzbW7CRw\00018.m4a,mp4\id07491\7pcPzbW7CRw\00018.mp4
id07491,37,aac\id07491\3v9vIPMZisU\00007.m4a,mp4\id07491\3v9vIPMZisU\00007.mp4
id07491,37,aac\id07491\3v9vIPMZisU\00006.m4a,mp4\id07491\3v9vIPMZisU\00006.mp4
id07491,37,aac\id07491\3v9vIPMZisU\00003.m4a,mp4\id07491\3v9vIPMZisU\00003.mp4
id07491,37,aac\id07491\7pcPzbW7CRw\00017.m4a,mp4\id07491\7pcPzbW7CRw\00017.mp4
id07491,37,aac\id07491\7pcPzbW7CRw\00014.m4a,mp4\id07491\7pcPzbW7CRw\00014.mp4
id07491,37,aac\id07491\3v9vIPMZisU\00001.m4a,mp4\id07491\3v9vIPMZisU\00001.mp4
id07491,37,aac\id07491\3v9vIPMZisU\00002.m4a,mp4\id07491\3v9vIPMZisU\00002.mp4
id07491,37,aac\id07491\7pcPzbW7CRw\00012.m4a,mp4\id07491\7pcPzbW7CRw\00012.mp4
id07491,37,aac\id07491\3v9vIPMZisU\00005.m4a,mp4\id07491\3v9vIPMZisU\00005.mp4
id07491,37,aac\id07491\7pcPzbW7CRw\00013.m4a,mp4\id07491\7pcPzbW7CRw\00013.mp4
id08713,38,aac\id08713\f_Na1BfSbtc\00012.m4a,mp4\id08713\f_Na1BfSbtc\00012.mp4
id08713,38,aac\id08713\f_Na1BfSbtc\00014.m4a,mp4\id08713\f_Na1BfSbtc\00014.mp4
id08713,38,aac\id08713\mn3s9ZOgY6E\00026.m4a,mp4\id08713\mn3s9ZOgY6E\00026.mp4
id08713,38,aac\id08713\mn3s9ZOgY6E\00015.m4a,mp4\id08713\mn3s9ZOgY6E\00015.mp4
id08713,38,aac\id08713\f_Na1BfSbtc\00010.m4a,mp4\id08713\f_Na1BfSbtc\00010.mp4
id08713,38,aac\id08713\f_Na1BfSbtc\00013.m4a,mp4\id08713\f_Na1BfSbtc\00013.mp4
id08713,38,aac\id08713\mn3s9ZOgY6E\00025.m4a,mp4\id08713\mn3s9ZOgY6E\00025.mp4
id08713,38,aac\id08713\mn3s9ZOgY6E\00021.m4a,mp4\id08713\mn3s9ZOgY6E\00021.mp4
id08713,38,aac\id08713\mn3s9ZOgY6E\00023.m4a,mp4\id08713\mn3s9ZOgY6E\00023.mp4
id08713,38,aac\id08713\f_Na1BfSbtc\00011.m4a,mp4\id08713\f_Na1BfSbtc\00011.mp4
id08713,38,aac\id08713\eWLEeeL6He4\00008.m4a,mp4\id08713\eWLEeeL6He4\00008.mp4
id08713,38,aac\id08713\mn3s9ZOgY6E\00017.m4a,mp4\id08713\mn3s9ZOgY6E\00017.mp4
id08713,38,aac\id08713\mn3s9ZOgY6E\00019.m4a,mp4\id08713\mn3s9ZOgY6E\00019.mp4
id08713,38,aac\id08713\mn3s9ZOgY6E\00020.m4a,mp4\id08713\mn3s9ZOgY6E\00020.mp4
id08713,38,aac\id08713\eWLEeeL6He4\00007.m4a,mp4\id08713\eWLEeeL6He4\00007.mp4
id08713,38,aac\id08713\mn3s9ZOgY6E\00016.m4a,mp4\id08713\mn3s9ZOgY6E\00016.mp4
id08713,38,aac\id08713\mn3s9ZOgY6E\00022.m4a,mp4\id08713\mn3s9ZOgY6E\00022.mp4
id08713,38,aac\id08713\f_Na1BfSbtc\00009.m4a,mp4\id08713\f_Na1BfSbtc\00009.mp4
id08713,38,aac\id08713\mn3s9ZOgY6E\00024.m4a,mp4\id08713\mn3s9ZOgY6E\00024.mp4
id08713,38,aac\id08713\mn3s9ZOgY6E\00018.m4a,mp4\id08713\mn3s9ZOgY6E\00018.mp4
id08906,39,aac\id08906\1Rq1ezbYMQg\00017.m4a,mp4\id08906\1Rq1ezbYMQg\00017.mp4
id08906,39,aac\id08906\1Rq1ezbYMQg\00007.m4a,mp4\id08906\1Rq1ezbYMQg\00007.mp4
id08906,39,aac\id08906\1Rq1ezbYMQg\00003.m4a,mp4\id08906\1Rq1ezbYMQg\00003.mp4
id08906,39,aac\id08906\1Rq1ezbYMQg\00013.m4a,mp4\id08906\1Rq1ezbYMQg\00013.mp4
id08906,39,aac\id08906\1Rq1ezbYMQg\00006.m4a,mp4\id08906\1Rq1ezbYMQg\00006.mp4
id08906,39,aac\id08906\1Rq1ezbYMQg\00011.m4a,mp4\id08906\1Rq1ezbYMQg\00011.mp4
id08906,39,aac\id08906\1Rq1ezbYMQg\00014.m4a,mp4\id08906\1Rq1ezbYMQg\00014.mp4
id08906,39,aac\id08906\1Rq1ezbYMQg\00020.m4a,mp4\id08906\1Rq1ezbYMQg\00020.mp4
id08906,39,aac\id08906\1Rq1ezbYMQg\00019.m4a,mp4\id08906\1Rq1ezbYMQg\00019.mp4
id08906,39,aac\id08906\1Rq1ezbYMQg\00010.m4a,mp4\id08906\1Rq1ezbYMQg\00010.mp4
id08906,39,aac\id08906\1Rq1ezbYMQg\00009.m4a,mp4\id08906\1Rq1ezbYMQg\00009.mp4
id08906,39,aac\id08906\1Rq1ezbYMQg\00015.m4a,mp4\id08906\1Rq1ezbYMQg\00015.mp4
id08906,39,aac\id08906\1Rq1ezbYMQg\00012.m4a,mp4\id08906\1Rq1ezbYMQg\00012.mp4
id08906,39,aac\id08906\1Rq1ezbYMQg\00002.m4a,mp4\id08906\1Rq1ezbYMQg\00002.mp4
id08906,39,aac\id08906\1Rq1ezbYMQg\00016.m4a,mp4\id08906\1Rq1ezbYMQg\00016.mp4
id08906,39,aac\id08906\1Rq1ezbYMQg\00018.m4a,mp4\id08906\1Rq1ezbYMQg\00018.mp4
id08906,39,aac\id08906\1Rq1ezbYMQg\00008.m4a,mp4\id08906\1Rq1ezbYMQg\00008.mp4
id08906,39,aac\id08906\1Rq1ezbYMQg\00001.m4a,mp4\id08906\1Rq1ezbYMQg\00001.mp4
id08906,39,aac\id08906\1Rq1ezbYMQg\00004.m4a,mp4\id08906\1Rq1ezbYMQg\00004.mp4
id08906,39,aac\id08906\1Rq1ezbYMQg\00005.m4a,mp4\id08906\1Rq1ezbYMQg\00005.mp4
id08251,40,aac\id08251\0q8Ih_RE9w8\00007.m4a,mp4\id08251\0q8Ih_RE9w8\00007.mp4
id08251,40,aac\id08251\9YUt3Yh3r40\00019.m4a,mp4\id08251\9YUt3Yh3r40\00019.mp4
id08251,40,aac\id08251\0q8Ih_RE9w8\00015.m4a,mp4\id08251\0q8Ih_RE9w8\00015.mp4
id08251,40,aac\id08251\9YUt3Yh3r40\00020.m4a,mp4\id08251\9YUt3Yh3r40\00020.mp4
id08251,40,aac\id08251\0q8Ih_RE9w8\00011.m4a,mp4\id08251\0q8Ih_RE9w8\00011.mp4
id08251,40,aac\id08251\0q8Ih_RE9w8\00018.m4a,mp4\id08251\0q8Ih_RE9w8\00018.mp4
id08251,40,aac\id08251\0q8Ih_RE9w8\00014.m4a,mp4\id08251\0q8Ih_RE9w8\00014.mp4
id08251,40,aac\id08251\0q8Ih_RE9w8\00009.m4a,mp4\id08251\0q8Ih_RE9w8\00009.mp4
id08251,40,aac\id08251\01PzqBwyrrg\00004.m4a,mp4\id08251\01PzqBwyrrg\00004.mp4
id08251,40,aac\id08251\0q8Ih_RE9w8\00006.m4a,mp4\id08251\0q8Ih_RE9w8\00006.mp4
id08251,40,aac\id08251\01PzqBwyrrg\00001.m4a,mp4\id08251\01PzqBwyrrg\00001.mp4
id08251,40,aac\id08251\0q8Ih_RE9w8\00013.m4a,mp4\id08251\0q8Ih_RE9w8\00013.mp4
id08251,40,aac\id08251\01PzqBwyrrg\00002.m4a,mp4\id08251\01PzqBwyrrg\00002.mp4
id08251,40,aac\id08251\0q8Ih_RE9w8\00017.m4a,mp4\id08251\0q8Ih_RE9w8\00017.mp4
id08251,40,aac\id08251\0q8Ih_RE9w8\00008.m4a,mp4\id08251\0q8Ih_RE9w8\00008.mp4
id08251,40,aac\id08251\0q8Ih_RE9w8\00016.m4a,mp4\id08251\0q8Ih_RE9w8\00016.mp4
id08251,40,aac\id08251\01PzqBwyrrg\00003.m4a,mp4\id08251\01PzqBwyrrg\00003.mp4
id08251,40,aac\id08251\01PzqBwyrrg\00005.m4a,mp4\id08251\01PzqBwyrrg\00005.mp4
id08251,40,aac\id08251\0q8Ih_RE9w8\00010.m4a,mp4\id08251\0q8Ih_RE9w8\00010.mp4
id08251,40,aac\id08251\0q8Ih_RE9w8\00012.m4a,mp4\id08251\0q8Ih_RE9w8\00012.mp4
id01205,41,aac\id01205\AtgWk16eHM0\00012.m4a,mp4\id01205\AtgWk16eHM0\00012.mp4
id01205,41,aac\id01205\AtgWk16eHM0\00016.m4a,mp4\id01205\AtgWk16eHM0\00016.mp4
id01205,41,aac\id01205\AtgWk16eHM0\00014.m4a,mp4\id01205\AtgWk16eHM0\00014.mp4
id01205,41,aac\id01205\AtgWk16eHM0\00013.m4a,mp4\id01205\AtgWk16eHM0\00013.mp4
id01205,41,aac\id01205\AtgWk16eHM0\00018.m4a,mp4\id01205\AtgWk16eHM0\00018.mp4
id01205,41,aac\id01205\AtgWk16eHM0\00020.m4a,mp4\id01205\AtgWk16eHM0\00020.mp4
id01205,41,aac\id01205\AtgWk16eHM0\00010.m4a,mp4\id01205\AtgWk16eHM0\00010.mp4
id01205,41,aac\id01205\AAMj8_4I9X8\00008.m4a,mp4\id01205\AAMj8_4I9X8\00008.mp4
id01205,41,aac\id01205\AtgWk16eHM0\00019.m4a,mp4\id01205\AtgWk16eHM0\00019.mp4
id01205,41,aac\id01205\5iwB7QGjnnQ\00004.m4a,mp4\id01205\5iwB7QGjnnQ\00004.mp4
id01205,41,aac\id01205\9Pz2jkzKL-0\00006.m4a,mp4\id01205\9Pz2jkzKL-0\00006.mp4
id01205,41,aac\id01205\AtgWk16eHM0\00015.m4a,mp4\id01205\AtgWk16eHM0\00015.mp4
id01205,41,aac\id01205\AtgWk16eHM0\00009.m4a,mp4\id01205\AtgWk16eHM0\00009.mp4
id01205,41,aac\id01205\5DMg8pyGuxE\00001.m4a,mp4\id01205\5DMg8pyGuxE\00001.mp4
id01205,41,aac\id01205\5DMg8pyGuxE\00003.m4a,mp4\id01205\5DMg8pyGuxE\00003.mp4
id01205,41,aac\id01205\AAMj8_4I9X8\00007.m4a,mp4\id01205\AAMj8_4I9X8\00007.mp4
id01205,41,aac\id01205\9Pz2jkzKL-0\00005.m4a,mp4\id01205\9Pz2jkzKL-0\00005.mp4
id01205,41,aac\id01205\AtgWk16eHM0\00017.m4a,mp4\id01205\AtgWk16eHM0\00017.mp4
id01205,41,aac\id01205\5DMg8pyGuxE\00002.m4a,mp4\id01205\5DMg8pyGuxE\00002.mp4
id01205,41,aac\id01205\AtgWk16eHM0\00011.m4a,mp4\id01205\AtgWk16eHM0\00011.mp4
id08938,42,aac\id08938\Tza5wEVSwDg\00014.m4a,mp4\id08938\Tza5wEVSwDg\00014.mp4
id08938,42,aac\id08938\HYGoLc2UoiM\00005.m4a,mp4\id08938\HYGoLc2UoiM\00005.mp4
id08938,42,aac\id08938\HYGoLc2UoiM\00006.m4a,mp4\id08938\HYGoLc2UoiM\00006.mp4
id08938,42,aac\id08938\Tza5wEVSwDg\00018.m4a,mp4\id08938\Tza5wEVSwDg\00018.mp4
id08938,42,aac\id08938\HYGoLc2UoiM\00003.m4a,mp4\id08938\HYGoLc2UoiM\00003.mp4
id08938,42,aac\id08938\Tza5wEVSwDg\00015.m4a,mp4\id08938\Tza5wEVSwDg\00015.mp4
id08938,42,aac\id08938\HYGoLc2UoiM\00004.m4a,mp4\id08938\HYGoLc2UoiM\00004.mp4
id08938,42,aac\id08938\Tza5wEVSwDg\00017.m4a,mp4\id08938\Tza5wEVSwDg\00017.mp4
id08938,42,aac\id08938\Po2epV4evWY\00008.m4a,mp4\id08938\Po2epV4evWY\00008.mp4
id08938,42,aac\id08938\Tza5wEVSwDg\00019.m4a,mp4\id08938\Tza5wEVSwDg\00019.mp4
id08938,42,aac\id08938\Tza5wEVSwDg\00020.m4a,mp4\id08938\Tza5wEVSwDg\00020.mp4
id08938,42,aac\id08938\GAZ9oJpuIuY\00001.m4a,mp4\id08938\GAZ9oJpuIuY\00001.mp4
id08938,42,aac\id08938\Po2epV4evWY\00010.m4a,mp4\id08938\Po2epV4evWY\00010.mp4
id08938,42,aac\id08938\Tza5wEVSwDg\00016.m4a,mp4\id08938\Tza5wEVSwDg\00016.mp4
id08938,42,aac\id08938\Tza5wEVSwDg\00012.m4a,mp4\id08938\Tza5wEVSwDg\00012.mp4
id08938,42,aac\id08938\Po2epV4evWY\00009.m4a,mp4\id08938\Po2epV4evWY\00009.mp4
id08938,42,aac\id08938\Tza5wEVSwDg\00013.m4a,mp4\id08938\Tza5wEVSwDg\00013.mp4
id08938,42,aac\id08938\Po2epV4evWY\00007.m4a,mp4\id08938\Po2epV4evWY\00007.mp4
id08938,42,aac\id08938\ReQ-XoYtt2Q\00011.m4a,mp4\id08938\ReQ-XoYtt2Q\00011.mp4
id08938,42,aac\id08938\GAZ9oJpuIuY\00002.m4a,mp4\id08938\GAZ9oJpuIuY\00002.mp4
id01100,43,aac\id01100\7CBskmEBj24\00018.m4a,mp4\id01100\7CBskmEBj24\00018.mp4
id01100,43,aac\id01100\0IvMYeUNrRw\00011.m4a,mp4\id01100\0IvMYeUNrRw\00011.mp4
id01100,43,aac\id01100\0IvMYeUNrRw\00004.m4a,mp4\id01100\0IvMYeUNrRw\00004.mp4
id01100,43,aac\id01100\0IvMYeUNrRw\00002.m4a,mp4\id01100\0IvMYeUNrRw\00002.mp4
id01100,43,aac\id01100\0IvMYeUNrRw\00013.m4a,mp4\id01100\0IvMYeUNrRw\00013.mp4
id01100,43,aac\id01100\0IvMYeUNrRw\00009.m4a,mp4\id01100\0IvMYeUNrRw\00009.mp4
id01100,43,aac\id01100\0IvMYeUNrRw\00001.m4a,mp4\id01100\0IvMYeUNrRw\00001.mp4
id01100,43,aac\id01100\0IvMYeUNrRw\00014.m4a,mp4\id01100\0IvMYeUNrRw\00014.mp4
id01100,43,aac\id01100\0IvMYeUNrRw\00017.m4a,mp4\id01100\0IvMYeUNrRw\00017.mp4
id01100,43,aac\id01100\7CBskmEBj24\00019.m4a,mp4\id01100\7CBskmEBj24\00019.mp4
id01100,43,aac\id01100\0IvMYeUNrRw\00003.m4a,mp4\id01100\0IvMYeUNrRw\00003.mp4
id01100,43,aac\id01100\0IvMYeUNrRw\00016.m4a,mp4\id01100\0IvMYeUNrRw\00016.mp4
id01100,43,aac\id01100\0IvMYeUNrRw\00008.m4a,mp4\id01100\0IvMYeUNrRw\00008.mp4
id01100,43,aac\id01100\0IvMYeUNrRw\00007.m4a,mp4\id01100\0IvMYeUNrRw\00007.mp4
id01100,43,aac\id01100\0IvMYeUNrRw\00015.m4a,mp4\id01100\0IvMYeUNrRw\00015.mp4
id01100,43,aac\id01100\0IvMYeUNrRw\00010.m4a,mp4\id01100\0IvMYeUNrRw\00010.mp4
id01100,43,aac\id01100\7CBskmEBj24\00020.m4a,mp4\id01100\7CBskmEBj24\00020.mp4
id01100,43,aac\id01100\0IvMYeUNrRw\00006.m4a,mp4\id01100\0IvMYeUNrRw\00006.mp4
id01100,43,aac\id01100\0IvMYeUNrRw\00012.m4a,mp4\id01100\0IvMYeUNrRw\00012.mp4
id01100,43,aac\id01100\0IvMYeUNrRw\00005.m4a,mp4\id01100\0IvMYeUNrRw\00005.mp4
id00937,44,aac\id00937\VTC5ZS0iKkU\00002.m4a,mp4\id00937\VTC5ZS0iKkU\00002.mp4
id00937,44,aac\id00937\s6mrmH41GGE\00015.m4a,mp4\id00937\s6mrmH41GGE\00015.mp4
id00937,44,aac\id00937\s6mrmH41GGE\00021.m4a,mp4\id00937\s6mrmH41GGE\00021.mp4
id00937,44,aac\id00937\s6mrmH41GGE\00019.m4a,mp4\id00937\s6mrmH41GGE\00019.mp4
id00937,44,aac\id00937\VTC5ZS0iKkU\00001.m4a,mp4\id00937\VTC5ZS0iKkU\00001.mp4
id00937,44,aac\id00937\s6mrmH41GGE\00020.m4a,mp4\id00937\s6mrmH41GGE\00020.mp4
id00937,44,aac\id00937\p3BM2J7Yuk4\00010.m4a,mp4\id00937\p3BM2J7Yuk4\00010.mp4
id00937,44,aac\id00937\efqDgZ6iafM\00005.m4a,mp4\id00937\efqDgZ6iafM\00005.mp4
id00937,44,aac\id00937\VTC5ZS0iKkU\00003.m4a,mp4\id00937\VTC5ZS0iKkU\00003.mp4
id00937,44,aac\id00937\s6mrmH41GGE\00012.m4a,mp4\id00937\s6mrmH41GGE\00012.mp4
id00937,44,aac\id00937\s6mrmH41GGE\00011.m4a,mp4\id00937\s6mrmH41GGE\00011.mp4
id00937,44,aac\id00937\s6mrmH41GGE\00017.m4a,mp4\id00937\s6mrmH41GGE\00017.mp4
id00937,44,aac\id00937\s6mrmH41GGE\00018.m4a,mp4\id00937\s6mrmH41GGE\00018.mp4
id00937,44,aac\id00937\gnJIbjDWKPI\00008.m4a,mp4\id00937\gnJIbjDWKPI\00008.mp4
id00937,44,aac\id00937\s6mrmH41GGE\00014.m4a,mp4\id00937\s6mrmH41GGE\00014.mp4
id00937,44,aac\id00937\no32iWSXjtU\00009.m4a,mp4\id00937\no32iWSXjtU\00009.mp4
id00937,44,aac\id00937\efqDgZ6iafM\00006.m4a,mp4\id00937\efqDgZ6iafM\00006.mp4
id00937,44,aac\id00937\s6mrmH41GGE\00016.m4a,mp4\id00937\s6mrmH41GGE\00016.mp4
id00937,44,aac\id00937\gnJIbjDWKPI\00007.m4a,mp4\id00937\gnJIbjDWKPI\00007.mp4
id00937,44,aac\id00937\s6mrmH41GGE\00013.m4a,mp4\id00937\s6mrmH41GGE\00013.mp4
id00984,45,aac\id00984\EmmtuGhMhNw\00005.m4a,mp4\id00984\EmmtuGhMhNw\00005.mp4
id00984,45,aac\id00984\GPYShHqYj1o\00011.m4a,mp4\id00984\GPYShHqYj1o\00011.mp4
id00984,45,aac\id00984\ByizBpA4_eI\00003.m4a,mp4\id00984\ByizBpA4_eI\00003.mp4
id00984,45,aac\id00984\GPYShHqYj1o\00006.m4a,mp4\id00984\GPYShHqYj1o\00006.mp4
id00984,45,aac\id00984\GPYShHqYj1o\00010.m4a,mp4\id00984\GPYShHqYj1o\00010.mp4
id00984,45,aac\id00984\4IByb9liM_E\00001.m4a,mp4\id00984\4IByb9liM_E\00001.mp4
id00984,45,aac\id00984\gDjuGnsWOuw\00077.m4a,mp4\id00984\gDjuGnsWOuw\00077.mp4
id00984,45,aac\id00984\gDjuGnsWOuw\00078.m4a,mp4\id00984\gDjuGnsWOuw\00078.mp4
id00984,45,aac\id00984\gDjuGnsWOuw\00076.m4a,mp4\id00984\gDjuGnsWOuw\00076.mp4
id00984,45,aac\id00984\ByizBpA4_eI\00002.m4a,mp4\id00984\ByizBpA4_eI\00002.mp4
id00984,45,aac\id00984\GPYShHqYj1o\00012.m4a,mp4\id00984\GPYShHqYj1o\00012.mp4
id00984,45,aac\id00984\GPYShHqYj1o\00014.m4a,mp4\id00984\GPYShHqYj1o\00014.mp4
id00984,45,aac\id00984\gDjuGnsWOuw\00075.m4a,mp4\id00984\gDjuGnsWOuw\00075.mp4
id00984,45,aac\id00984\GPYShHqYj1o\00009.m4a,mp4\id00984\GPYShHqYj1o\00009.mp4
id00984,45,aac\id00984\GPYShHqYj1o\00008.m4a,mp4\id00984\GPYShHqYj1o\00008.mp4
id00984,45,aac\id00984\czt1ZQxHjHE\00074.m4a,mp4\id00984\czt1ZQxHjHE\00074.mp4
id00984,45,aac\id00984\czt1ZQxHjHE\00073.m4a,mp4\id00984\czt1ZQxHjHE\00073.mp4
id00984,45,aac\id00984\GPYShHqYj1o\00007.m4a,mp4\id00984\GPYShHqYj1o\00007.mp4
id00984,45,aac\id00984\EmmtuGhMhNw\00004.m4a,mp4\id00984\EmmtuGhMhNw\00004.mp4
id00984,45,aac\id00984\GPYShHqYj1o\00013.m4a,mp4\id00984\GPYShHqYj1o\00013.mp4
id03996,46,aac\id03996\2PAF2YnpH1I\00016.m4a,mp4\id03996\2PAF2YnpH1I\00016.mp4
id03996,46,aac\id03996\2PAF2YnpH1I\00013.m4a,mp4\id03996\2PAF2YnpH1I\00013.mp4
id03996,46,aac\id03996\0MBCMgyshUg\00003.m4a,mp4\id03996\0MBCMgyshUg\00003.mp4
id03996,46,aac\id03996\2CJ25UcH7aw\00007.m4a,mp4\id03996\2CJ25UcH7aw\00007.mp4
id03996,46,aac\id03996\2PAF2YnpH1I\00012.m4a,mp4\id03996\2PAF2YnpH1I\00012.mp4
id03996,46,aac\id03996\0MBCMgyshUg\00006.m4a,mp4\id03996\0MBCMgyshUg\00006.mp4
id03996,46,aac\id03996\0MBCMgyshUg\00001.m4a,mp4\id03996\0MBCMgyshUg\00001.mp4
id03996,46,aac\id03996\2PAF2YnpH1I\00015.m4a,mp4\id03996\2PAF2YnpH1I\00015.mp4
id03996,46,aac\id03996\2PAF2YnpH1I\00009.m4a,mp4\id03996\2PAF2YnpH1I\00009.mp4
id03996,46,aac\id03996\0MBCMgyshUg\00004.m4a,mp4\id03996\0MBCMgyshUg\00004.mp4
id03996,46,aac\id03996\0MBCMgyshUg\00005.m4a,mp4\id03996\0MBCMgyshUg\00005.mp4
id03996,46,aac\id03996\2PAF2YnpH1I\00011.m4a,mp4\id03996\2PAF2YnpH1I\00011.mp4
id03996,46,aac\id03996\0MBCMgyshUg\00002.m4a,mp4\id03996\0MBCMgyshUg\00002.mp4
id03996,46,aac\id03996\2PAF2YnpH1I\00014.m4a,mp4\id03996\2PAF2YnpH1I\00014.mp4
id03996,46,aac\id03996\2PAF2YnpH1I\00010.m4a,mp4\id03996\2PAF2YnpH1I\00010.mp4
id03996,46,aac\id03996\2PAF2YnpH1I\00018.m4a,mp4\id03996\2PAF2YnpH1I\00018.mp4
id03996,46,aac\id03996\2PAF2YnpH1I\00020.m4a,mp4\id03996\2PAF2YnpH1I\00020.mp4
id03996,46,aac\id03996\2PAF2YnpH1I\00017.m4a,mp4\id03996\2PAF2YnpH1I\00017.mp4
id03996,46,aac\id03996\2PAF2YnpH1I\00019.m4a,mp4\id03996\2PAF2YnpH1I\00019.mp4
id03996,46,aac\id03996\2PAF2YnpH1I\00008.m4a,mp4\id03996\2PAF2YnpH1I\00008.mp4
id08955,47,aac\id08955\ibhwKqjVg2o\00063.m4a,mp4\id08955\ibhwKqjVg2o\00063.mp4
id08955,47,aac\id08955\IhnFthcBGZM\00004.m4a,mp4\id08955\IhnFthcBGZM\00004.mp4
id08955,47,aac\id08955\ibhwKqjVg2o\00064.m4a,mp4\id08955\ibhwKqjVg2o\00064.mp4
id08955,47,aac\id08955\ibhwKqjVg2o\00061.m4a,mp4\id08955\ibhwKqjVg2o\00061.mp4
id08955,47,aac\id08955\IhnFthcBGZM\00006.m4a,mp4\id08955\IhnFthcBGZM\00006.mp4
id08955,47,aac\id08955\ibhwKqjVg2o\00065.m4a,mp4\id08955\ibhwKqjVg2o\00065.mp4
id08955,47,aac\id08955\ibhwKqjVg2o\00062.m4a,mp4\id08955\ibhwKqjVg2o\00062.mp4
id08955,47,aac\id08955\IhnFthcBGZM\00003.m4a,mp4\id08955\IhnFthcBGZM\00003.mp4
id08955,47,aac\id08955\ibhwKqjVg2o\00060.m4a,mp4\id08955\ibhwKqjVg2o\00060.mp4
id08955,47,aac\id08955\ibhwKqjVg2o\00067.m4a,mp4\id08955\ibhwKqjVg2o\00067.mp4
id08955,47,aac\id08955\ibhwKqjVg2o\00058.m4a,mp4\id08955\ibhwKqjVg2o\00058.mp4
id08955,47,aac\id08955\dy44bhRjgxE\00057.m4a,mp4\id08955\dy44bhRjgxE\00057.mp4
id08955,47,aac\id08955\ibhwKqjVg2o\00066.m4a,mp4\id08955\ibhwKqjVg2o\00066.mp4
id08955,47,aac\id08955\IhnFthcBGZM\00007.m4a,mp4\id08955\IhnFthcBGZM\00007.mp4
id08955,47,aac\id08955\IhnFthcBGZM\00009.m4a,mp4\id08955\IhnFthcBGZM\00009.mp4
id08955,47,aac\id08955\IhnFthcBGZM\00008.m4a,mp4\id08955\IhnFthcBGZM\00008.mp4
id08955,47,aac\id08955\IhnFthcBGZM\00001.m4a,mp4\id08955\IhnFthcBGZM\00001.mp4
id08955,47,aac\id08955\ibhwKqjVg2o\00059.m4a,mp4\id08955\ibhwKqjVg2o\00059.mp4
id08955,47,aac\id08955\IhnFthcBGZM\00005.m4a,mp4\id08955\IhnFthcBGZM\00005.mp4
id08955,47,aac\id08955\IhnFthcBGZM\00002.m4a,mp4\id08955\IhnFthcBGZM\00002.mp4
id05660,48,aac\id05660\6sECWokFU34\00016.m4a,mp4\id05660\6sECWokFU34\00016.mp4
id05660,48,aac\id05660\6sECWokFU34\00007.m4a,mp4\id05660\6sECWokFU34\00007.mp4
id05660,48,aac\id05660\6sECWokFU34\00020.m4a,mp4\id05660\6sECWokFU34\00020.mp4
id05660,48,aac\id05660\6sECWokFU34\00003.m4a,mp4\id05660\6sECWokFU34\00003.mp4
id05660,48,aac\id05660\6sECWokFU34\00004.m4a,mp4\id05660\6sECWokFU34\00004.mp4
id05660,48,aac\id05660\6sECWokFU34\00014.m4a,mp4\id05660\6sECWokFU34\00014.mp4
id05660,48,aac\id05660\6sECWokFU34\00011.m4a,mp4\id05660\6sECWokFU34\00011.mp4
id05660,48,aac\id05660\6sECWokFU34\00009.m4a,mp4\id05660\6sECWokFU34\00009.mp4
id05660,48,aac\id05660\6sECWokFU34\00006.m4a,mp4\id05660\6sECWokFU34\00006.mp4
id05660,48,aac\id05660\6sECWokFU34\00005.m4a,mp4\id05660\6sECWokFU34\00005.mp4
id05660,48,aac\id05660\6sECWokFU34\00008.m4a,mp4\id05660\6sECWokFU34\00008.mp4
id05660,48,aac\id05660\6sECWokFU34\00002.m4a,mp4\id05660\6sECWokFU34\00002.mp4
id05660,48,aac\id05660\6sECWokFU34\00010.m4a,mp4\id05660\6sECWokFU34\00010.mp4
id05660,48,aac\id05660\6sECWokFU34\00019.m4a,mp4\id05660\6sECWokFU34\00019.mp4
id05660,48,aac\id05660\6sECWokFU34\00017.m4a,mp4\id05660\6sECWokFU34\00017.mp4
id05660,48,aac\id05660\1KU75BdSKCs\00001.m4a,mp4\id05660\1KU75BdSKCs\00001.mp4
id05660,48,aac\id05660\6sECWokFU34\00013.m4a,mp4\id05660\6sECWokFU34\00013.mp4
id05660,48,aac\id05660\6sECWokFU34\00018.m4a,mp4\id05660\6sECWokFU34\00018.mp4
id05660,48,aac\id05660\6sECWokFU34\00015.m4a,mp4\id05660\6sECWokFU34\00015.mp4
id05660,48,aac\id05660\6sECWokFU34\00012.m4a,mp4\id05660\6sECWokFU34\00012.mp4
id04614,49,aac\id04614\0SQJrYfLztU\00012.m4a,mp4\id04614\0SQJrYfLztU\00012.mp4
id04614,49,aac\id04614\0SQJrYfLztU\00001.m4a,mp4\id04614\0SQJrYfLztU\00001.mp4
id04614,49,aac\id04614\0SQJrYfLztU\00015.m4a,mp4\id04614\0SQJrYfLztU\00015.mp4
id04614,49,aac\id04614\0SQJrYfLztU\00007.m4a,mp4\id04614\0SQJrYfLztU\00007.mp4
id04614,49,aac\id04614\0SQJrYfLztU\00010.m4a,mp4\id04614\0SQJrYfLztU\00010.mp4
id04614,49,aac\id04614\1ZW5uRsEO6Y\00016.m4a,mp4\id04614\1ZW5uRsEO6Y\00016.mp4
id04614,49,aac\id04614\0SQJrYfLztU\00014.m4a,mp4\id04614\0SQJrYfLztU\00014.mp4
id04614,49,aac\id04614\1ZW5uRsEO6Y\00019.m4a,mp4\id04614\1ZW5uRsEO6Y\00019.mp4
id04614,49,aac\id04614\0SQJrYfLztU\00004.m4a,mp4\id04614\0SQJrYfLztU\00004.mp4
id04614,49,aac\id04614\0SQJrYfLztU\00008.m4a,mp4\id04614\0SQJrYfLztU\00008.mp4
id04614,49,aac\id04614\0SQJrYfLztU\00009.m4a,mp4\id04614\0SQJrYfLztU\00009.mp4
id04614,49,aac\id04614\1ZW5uRsEO6Y\00017.m4a,mp4\id04614\1ZW5uRsEO6Y\00017.mp4
id04614,49,aac\id04614\0SQJrYfLztU\00011.m4a,mp4\id04614\0SQJrYfLztU\00011.mp4
id04614,49,aac\id04614\1ZW5uRsEO6Y\00020.m4a,mp4\id04614\1ZW5uRsEO6Y\00020.mp4
id04614,49,aac\id04614\0SQJrYfLztU\00003.m4a,mp4\id04614\0SQJrYfLztU\00003.mp4
id04614,49,aac\id04614\0SQJrYfLztU\00013.m4a,mp4\id04614\0SQJrYfLztU\00013.mp4
id04614,49,aac\id04614\1ZW5uRsEO6Y\00018.m4a,mp4\id04614\1ZW5uRsEO6Y\00018.mp4
id04614,49,aac\id04614\0SQJrYfLztU\00006.m4a,mp4\id04614\0SQJrYfLztU\00006.mp4
id04614,49,aac\id04614\0SQJrYfLztU\00005.m4a,mp4\id04614\0SQJrYfLztU\00005.mp4
id04614,49,aac\id04614\0SQJrYfLztU\00002.m4a,mp4\id04614\0SQJrYfLztU\00002.mp4
id07850,50,aac\id07850\zFBQF0B1BmM\00023.m4a,mp4\id07850\zFBQF0B1BmM\00023.mp4
id07850,50,aac\id07850\7opiBFRvBnA\00005.m4a,mp4\id07850\7opiBFRvBnA\00005.mp4
id07850,50,aac\id07850\f8AhUZuAcHg\00018.m4a,mp4\id07850\f8AhUZuAcHg\00018.mp4
id07850,50,aac\id07850\3cW40YQvuGo\00002.m4a,mp4\id07850\3cW40YQvuGo\00002.mp4
id07850,50,aac\id07850\9BQRyHKT6L8\00007.m4a,mp4\id07850\9BQRyHKT6L8\00007.mp4
id07850,50,aac\id07850\7R9FsZQq_HE\00004.m4a,mp4\id07850\7R9FsZQq_HE\00004.mp4
id07850,50,aac\id07850\ruMKRV3lIIE\00020.m4a,mp4\id07850\ruMKRV3lIIE\00020.mp4
id07850,50,aac\id07850\ruMKRV3lIIE\00021.m4a,mp4\id07850\ruMKRV3lIIE\00021.mp4
id07850,50,aac\id07850\eCHeGPjQ2qs\00016.m4a,mp4\id07850\eCHeGPjQ2qs\00016.mp4
id07850,50,aac\id07850\eCHeGPjQ2qs\00017.m4a,mp4\id07850\eCHeGPjQ2qs\00017.mp4
id07850,50,aac\id07850\ruMKRV3lIIE\00022.m4a,mp4\id07850\ruMKRV3lIIE\00022.mp4
id07850,50,aac\id07850\7R9FsZQq_HE\00003.m4a,mp4\id07850\7R9FsZQq_HE\00003.mp4
id07850,50,aac\id07850\EA0RMyU4hhU\00009.m4a,mp4\id07850\EA0RMyU4hhU\00009.mp4
id07850,50,aac\id07850\NUuvtcnx61c\00010.m4a,mp4\id07850\NUuvtcnx61c\00010.mp4
id07850,50,aac\id07850\eCHeGPjQ2qs\00015.m4a,mp4\id07850\eCHeGPjQ2qs\00015.mp4
id07850,50,aac\id07850\3cW40YQvuGo\00001.m4a,mp4\id07850\3cW40YQvuGo\00001.mp4
id07850,50,aac\id07850\9BQRyHKT6L8\00008.m4a,mp4\id07850\9BQRyHKT6L8\00008.mp4
id07850,50,aac\id07850\ruMKRV3lIIE\00019.m4a,mp4\id07850\ruMKRV3lIIE\00019.mp4
id07850,50,aac\id07850\9BQRyHKT6L8\00006.m4a,mp4\id07850\9BQRyHKT6L8\00006.mp4
id07850,50,aac\id07850\NUuvtcnx61c\00011.m4a,mp4\id07850\NUuvtcnx61c\00011.mp4
id01546,51,aac\id01546\cjaBBOgEYr8\00016.m4a,mp4\id01546\cjaBBOgEYr8\00016.mp4
id01546,51,aac\id01546\j_lvWz5WiU0\00020.m4a,mp4\id01546\j_lvWz5WiU0\00020.mp4
id01546,51,aac\id01546\j_lvWz5WiU0\00018.m4a,mp4\id01546\j_lvWz5WiU0\00018.mp4
id01546,51,aac\id01546\cjaBBOgEYr8\00013.m4a,mp4\id01546\cjaBBOgEYr8\00013.mp4
id01546,51,aac\id01546\DZdIYnNeLIU\00003.m4a,mp4\id01546\DZdIYnNeLIU\00003.mp4
id01546,51,aac\id01546\76SKqrNFYDY\00001.m4a,mp4\id01546\76SKqrNFYDY\00001.mp4
id01546,51,aac\id01546\DZdIYnNeLIU\00002.m4a,mp4\id01546\DZdIYnNeLIU\00002.mp4
id01546,51,aac\id01546\Gb4x31ADD6A\00007.m4a,mp4\id01546\Gb4x31ADD6A\00007.mp4
id01546,51,aac\id01546\cjaBBOgEYr8\00012.m4a,mp4\id01546\cjaBBOgEYr8\00012.mp4
id01546,51,aac\id01546\cUFwsG59Ejc\00010.m4a,mp4\id01546\cUFwsG59Ejc\00010.mp4
id01546,51,aac\id01546\mpSpYQtV7-o\00021.m4a,mp4\id01546\mpSpYQtV7-o\00021.mp4
id01546,51,aac\id01546\FDi7-uy1WQI\00006.m4a,mp4\id01546\FDi7-uy1WQI\00006.mp4
id01546,51,aac\id01546\Gb4x31ADD6A\00008.m4a,mp4\id01546\Gb4x31ADD6A\00008.mp4
id01546,51,aac\id01546\cjaBBOgEYr8\00011.m4a,mp4\id01546\cjaBBOgEYr8\00011.mp4
id01546,51,aac\id01546\DZdIYnNeLIU\00004.m4a,mp4\id01546\DZdIYnNeLIU\00004.mp4
id01546,51,aac\id01546\j_lvWz5WiU0\00019.m4a,mp4\id01546\j_lvWz5WiU0\00019.mp4
id01546,51,aac\id01546\cjaBBOgEYr8\00014.m4a,mp4\id01546\cjaBBOgEYr8\00014.mp4
id01546,51,aac\id01546\cjaBBOgEYr8\00017.m4a,mp4\id01546\cjaBBOgEYr8\00017.mp4
id01546,51,aac\id01546\DZdIYnNeLIU\00005.m4a,mp4\id01546\DZdIYnNeLIU\00005.mp4
id01546,51,aac\id01546\cjaBBOgEYr8\00015.m4a,mp4\id01546\cjaBBOgEYr8\00015.mp4
id07234,52,aac\id07234\O2biuhjiwEE\00018.m4a,mp4\id07234\O2biuhjiwEE\00018.mp4
id07234,52,aac\id07234\O2biuhjiwEE\00015.m4a,mp4\id07234\O2biuhjiwEE\00015.mp4
id07234,52,aac\id07234\KHWG90blsKk\00008.m4a,mp4\id07234\KHWG90blsKk\00008.mp4
id07234,52,aac\id07234\O2biuhjiwEE\00012.m4a,mp4\id07234\O2biuhjiwEE\00012.mp4
id07234,52,aac\id07234\KHWG90blsKk\00011.m4a,mp4\id07234\KHWG90blsKk\00011.mp4
id07234,52,aac\id07234\O2biuhjiwEE\00017.m4a,mp4\id07234\O2biuhjiwEE\00017.mp4
id07234,52,aac\id07234\O2biuhjiwEE\00019.m4a,mp4\id07234\O2biuhjiwEE\00019.mp4
id07234,52,aac\id07234\6lUGxR5Dccw\00002.m4a,mp4\id07234\6lUGxR5Dccw\00002.mp4
id07234,52,aac\id07234\O2biuhjiwEE\00013.m4a,mp4\id07234\O2biuhjiwEE\00013.mp4
id07234,52,aac\id07234\O2biuhjiwEE\00014.m4a,mp4\id07234\O2biuhjiwEE\00014.mp4
id07234,52,aac\id07234\Hs9gi9isBfw\00006.m4a,mp4\id07234\Hs9gi9isBfw\00006.mp4
id07234,52,aac\id07234\O2biuhjiwEE\00016.m4a,mp4\id07234\O2biuhjiwEE\00016.mp4
id07234,52,aac\id07234\BcwIFwxA0tw\00005.m4a,mp4\id07234\BcwIFwxA0tw\00005.mp4
id07234,52,aac\id07234\KHWG90blsKk\00009.m4a,mp4\id07234\KHWG90blsKk\00009.mp4
id07234,52,aac\id07234\KHWG90blsKk\00007.m4a,mp4\id07234\KHWG90blsKk\00007.mp4
id07234,52,aac\id07234\KHWG90blsKk\00010.m4a,mp4\id07234\KHWG90blsKk\00010.mp4
id07234,52,aac\id07234\0QrS8Uci-4U\00001.m4a,mp4\id07234\0QrS8Uci-4U\00001.mp4
id07234,52,aac\id07234\6lUGxR5Dccw\00003.m4a,mp4\id07234\6lUGxR5Dccw\00003.mp4
id07234,52,aac\id07234\BcwIFwxA0tw\00004.m4a,mp4\id07234\BcwIFwxA0tw\00004.mp4
id07234,52,aac\id07234\O2biuhjiwEE\00020.m4a,mp4\id07234\O2biuhjiwEE\00020.mp4
id01793,53,aac\id01793\83anwn8iGl4\00009.m4a,mp4\id01793\83anwn8iGl4\00009.mp4
id01793,53,aac\id01793\55ECmSzJJTM\00006.m4a,mp4\id01793\55ECmSzJJTM\00006.mp4
id01793,53,aac\id01793\55ECmSzJJTM\00007.m4a,mp4\id01793\55ECmSzJJTM\00007.mp4
id01793,53,aac\id01793\83anwn8iGl4\00016.m4a,mp4\id01793\83anwn8iGl4\00016.mp4
id01793,53,aac\id01793\55ECmSzJJTM\00005.m4a,mp4\id01793\55ECmSzJJTM\00005.mp4
id01793,53,aac\id01793\55ECmSzJJTM\00004.m4a,mp4\id01793\55ECmSzJJTM\00004.mp4
id01793,53,aac\id01793\83anwn8iGl4\00012.m4a,mp4\id01793\83anwn8iGl4\00012.mp4
id01793,53,aac\id01793\1KFCCXn4Bjk\00002.m4a,mp4\id01793\1KFCCXn4Bjk\00002.mp4
id01793,53,aac\id01793\83anwn8iGl4\00008.m4a,mp4\id01793\83anwn8iGl4\00008.mp4
id01793,53,aac\id01793\83anwn8iGl4\00020.m4a,mp4\id01793\83anwn8iGl4\00020.mp4
id01793,53,aac\id01793\83anwn8iGl4\00014.m4a,mp4\id01793\83anwn8iGl4\00014.mp4
id01793,53,aac\id01793\83anwn8iGl4\00011.m4a,mp4\id01793\83anwn8iGl4\00011.mp4
id01793,53,aac\id01793\83anwn8iGl4\00017.m4a,mp4\id01793\83anwn8iGl4\00017.mp4
id01793,53,aac\id01793\83anwn8iGl4\00019.m4a,mp4\id01793\83anwn8iGl4\00019.mp4
id01793,53,aac\id01793\83anwn8iGl4\00013.m4a,mp4\id01793\83anwn8iGl4\00013.mp4
id01793,53,aac\id01793\1KFCCXn4Bjk\00001.m4a,mp4\id01793\1KFCCXn4Bjk\00001.mp4
id01793,53,aac\id01793\83anwn8iGl4\00010.m4a,mp4\id01793\83anwn8iGl4\00010.mp4
id01793,53,aac\id01793\55ECmSzJJTM\00003.m4a,mp4\id01793\55ECmSzJJTM\00003.mp4
id01793,53,aac\id01793\83anwn8iGl4\00015.m4a,mp4\id01793\83anwn8iGl4\00015.mp4
id01793,53,aac\id01793\83anwn8iGl4\00018.m4a,mp4\id01793\83anwn8iGl4\00018.mp4
id06238,54,aac\id06238\fBqM6Kegw7o\00031.m4a,mp4\id06238\fBqM6Kegw7o\00031.mp4
id06238,54,aac\id06238\fBqM6Kegw7o\00027.m4a,mp4\id06238\fBqM6Kegw7o\00027.mp4
id06238,54,aac\id06238\clQ1V6vIDPc\00022.m4a,mp4\id06238\clQ1V6vIDPc\00022.mp4
id06238,54,aac\id06238\fBqM6Kegw7o\00030.m4a,mp4\id06238\fBqM6Kegw7o\00030.mp4
id06238,54,aac\id06238\clQ1V6vIDPc\00017.m4a,mp4\id06238\clQ1V6vIDPc\00017.mp4
id06238,54,aac\id06238\fBqM6Kegw7o\00032.m4a,mp4\id06238\fBqM6Kegw7o\00032.mp4
id06238,54,aac\id06238\fBqM6Kegw7o\00026.m4a,mp4\id06238\fBqM6Kegw7o\00026.mp4
id06238,54,aac\id06238\clQ1V6vIDPc\00016.m4a,mp4\id06238\clQ1V6vIDPc\00016.mp4
id06238,54,aac\id06238\fBqM6Kegw7o\00029.m4a,mp4\id06238\fBqM6Kegw7o\00029.mp4
id06238,54,aac\id06238\fBqM6Kegw7o\00033.m4a,mp4\id06238\fBqM6Kegw7o\00033.mp4
id06238,54,aac\id06238\clQ1V6vIDPc\00021.m4a,mp4\id06238\clQ1V6vIDPc\00021.mp4
id06238,54,aac\id06238\5X9U6g7eaus\00001.m4a,mp4\id06238\5X9U6g7eaus\00001.mp4
id06238,54,aac\id06238\clQ1V6vIDPc\00025.m4a,mp4\id06238\clQ1V6vIDPc\00025.mp4
id06238,54,aac\id06238\clQ1V6vIDPc\00018.m4a,mp4\id06238\clQ1V6vIDPc\00018.mp4
id06238,54,aac\id06238\clQ1V6vIDPc\00024.m4a,mp4\id06238\clQ1V6vIDPc\00024.mp4
id06238,54,aac\id06238\clQ1V6vIDPc\00020.m4a,mp4\id06238\clQ1V6vIDPc\00020.mp4
id06238,54,aac\id06238\clQ1V6vIDPc\00023.m4a,mp4\id06238\clQ1V6vIDPc\00023.mp4
id06238,54,aac\id06238\clQ1V6vIDPc\00019.m4a,mp4\id06238\clQ1V6vIDPc\00019.mp4
id06238,54,aac\id06238\clQ1V6vIDPc\00015.m4a,mp4\id06238\clQ1V6vIDPc\00015.mp4
id06238,54,aac\id06238\fBqM6Kegw7o\00028.m4a,mp4\id06238\fBqM6Kegw7o\00028.mp4
id08821,55,aac\id08821\3NQFhGUgGE8\00014.m4a,mp4\id08821\3NQFhGUgGE8\00014.mp4
id08821,55,aac\id08821\2udzKpk-S6I\00006.m4a,mp4\id08821\2udzKpk-S6I\00006.mp4
id08821,55,aac\id08821\2udzKpk-S6I\00008.m4a,mp4\id08821\2udzKpk-S6I\00008.mp4
id08821,55,aac\id08821\3NQFhGUgGE8\00011.m4a,mp4\id08821\3NQFhGUgGE8\00011.mp4
id08821,55,aac\id08821\2udzKpk-S6I\00004.m4a,mp4\id08821\2udzKpk-S6I\00004.mp4
id08821,55,aac\id08821\2udzKpk-S6I\00010.m4a,mp4\id08821\2udzKpk-S6I\00010.mp4
id08821,55,aac\id08821\3NQFhGUgGE8\00017.m4a,mp4\id08821\3NQFhGUgGE8\00017.mp4
id08821,55,aac\id08821\2udzKpk-S6I\00001.m4a,mp4\id08821\2udzKpk-S6I\00001.mp4
id08821,55,aac\id08821\2udzKpk-S6I\00003.m4a,mp4\id08821\2udzKpk-S6I\00003.mp4
id08821,55,aac\id08821\4VPoCePM4Aw\00019.m4a,mp4\id08821\4VPoCePM4Aw\00019.mp4
id08821,55,aac\id08821\3NQFhGUgGE8\00016.m4a,mp4\id08821\3NQFhGUgGE8\00016.mp4
id08821,55,aac\id08821\3NQFhGUgGE8\00015.m4a,mp4\id08821\3NQFhGUgGE8\00015.mp4
id08821,55,aac\id08821\3NQFhGUgGE8\00018.m4a,mp4\id08821\3NQFhGUgGE8\00018.mp4
id08821,55,aac\id08821\2udzKpk-S6I\00002.m4a,mp4\id08821\2udzKpk-S6I\00002.mp4
id08821,55,aac\id08821\4VPoCePM4Aw\00020.m4a,mp4\id08821\4VPoCePM4Aw\00020.mp4
id08821,55,aac\id08821\2udzKpk-S6I\00007.m4a,mp4\id08821\2udzKpk-S6I\00007.mp4
id08821,55,aac\id08821\3NQFhGUgGE8\00013.m4a,mp4\id08821\3NQFhGUgGE8\00013.mp4
id08821,55,aac\id08821\2udzKpk-S6I\00005.m4a,mp4\id08821\2udzKpk-S6I\00005.mp4
id08821,55,aac\id08821\2udzKpk-S6I\00009.m4a,mp4\id08821\2udzKpk-S6I\00009.mp4
id08821,55,aac\id08821\3NQFhGUgGE8\00012.m4a,mp4\id08821\3NQFhGUgGE8\00012.mp4
id07262,56,aac\id07262\fiwOcLuZfa0\00174.m4a,mp4\id07262\fiwOcLuZfa0\00174.mp4
id07262,56,aac\id07262\eZK9ylqZm6A\00157.m4a,mp4\id07262\eZK9ylqZm6A\00157.mp4
id07262,56,aac\id07262\fiwOcLuZfa0\00167.m4a,mp4\id07262\fiwOcLuZfa0\00167.mp4
id07262,56,aac\id07262\fiwOcLuZfa0\00172.m4a,mp4\id07262\fiwOcLuZfa0\00172.mp4
id07262,56,aac\id07262\fiwOcLuZfa0\00175.m4a,mp4\id07262\fiwOcLuZfa0\00175.mp4
id07262,56,aac\id07262\fiwOcLuZfa0\00162.m4a,mp4\id07262\fiwOcLuZfa0\00162.mp4
id07262,56,aac\id07262\fiwOcLuZfa0\00163.m4a,mp4\id07262\fiwOcLuZfa0\00163.mp4
id07262,56,aac\id07262\fiwOcLuZfa0\00173.m4a,mp4\id07262\fiwOcLuZfa0\00173.mp4
id07262,56,aac\id07262\fiwOcLuZfa0\00165.m4a,mp4\id07262\fiwOcLuZfa0\00165.mp4
id07262,56,aac\id07262\fiwOcLuZfa0\00168.m4a,mp4\id07262\fiwOcLuZfa0\00168.mp4
id07262,56,aac\id07262\fiwOcLuZfa0\00160.m4a,mp4\id07262\fiwOcLuZfa0\00160.mp4
id07262,56,aac\id07262\fiwOcLuZfa0\00161.m4a,mp4\id07262\fiwOcLuZfa0\00161.mp4
id07262,56,aac\id07262\fiwOcLuZfa0\00164.m4a,mp4\id07262\fiwOcLuZfa0\00164.mp4
id07262,56,aac\id07262\fiwOcLuZfa0\00171.m4a,mp4\id07262\fiwOcLuZfa0\00171.mp4
id07262,56,aac\id07262\fiwOcLuZfa0\00159.m4a,mp4\id07262\fiwOcLuZfa0\00159.mp4
id07262,56,aac\id07262\eZK9ylqZm6A\00156.m4a,mp4\id07262\eZK9ylqZm6A\00156.mp4
id07262,56,aac\id07262\eZK9ylqZm6A\00158.m4a,mp4\id07262\eZK9ylqZm6A\00158.mp4
id07262,56,aac\id07262\fiwOcLuZfa0\00170.m4a,mp4\id07262\fiwOcLuZfa0\00170.mp4
id07262,56,aac\id07262\fiwOcLuZfa0\00166.m4a,mp4\id07262\fiwOcLuZfa0\00166.mp4
id07262,56,aac\id07262\fiwOcLuZfa0\00169.m4a,mp4\id07262\fiwOcLuZfa0\00169.mp4
id03332,57,aac\id03332\U9mzOtrpXJ4\00015.m4a,mp4\id03332\U9mzOtrpXJ4\00015.mp4
id03332,57,aac\id03332\90yOmS18hYA\00003.m4a,mp4\id03332\90yOmS18hYA\00003.mp4
id03332,57,aac\id03332\7QQL0itLYNo\00001.m4a,mp4\id03332\7QQL0itLYNo\00001.mp4
id03332,57,aac\id03332\PhGEwOYZdNs\00009.m4a,mp4\id03332\PhGEwOYZdNs\00009.mp4
id03332,57,aac\id03332\U9mzOtrpXJ4\00012.m4a,mp4\id03332\U9mzOtrpXJ4\00012.mp4
id03332,57,aac\id03332\U9mzOtrpXJ4\00013.m4a,mp4\id03332\U9mzOtrpXJ4\00013.mp4
id03332,57,aac\id03332\fEXPJNbVDF0\00029.m4a,mp4\id03332\fEXPJNbVDF0\00029.mp4
id03332,57,aac\id03332\LGmzxZK4S9M\00005.m4a,mp4\id03332\LGmzxZK4S9M\00005.mp4
id03332,57,aac\id03332\dYcq4Bghz6I\00026.m4a,mp4\id03332\dYcq4Bghz6I\00026.mp4
id03332,57,aac\id03332\LGmzxZK4S9M\00007.m4a,mp4\id03332\LGmzxZK4S9M\00007.mp4
id03332,57,aac\id03332\dYcq4Bghz6I\00027.m4a,mp4\id03332\dYcq4Bghz6I\00027.mp4
id03332,57,aac\id03332\LGmzxZK4S9M\00006.m4a,mp4\id03332\LGmzxZK4S9M\00006.mp4
id03332,57,aac\id03332\U9mzOtrpXJ4\00010.m4a,mp4\id03332\U9mzOtrpXJ4\00010.mp4
id03332,57,aac\id03332\OIfRQ_NH2_k\00008.m4a,mp4\id03332\OIfRQ_NH2_k\00008.mp4
id03332,57,aac\id03332\fEXPJNbVDF0\00028.m4a,mp4\id03332\fEXPJNbVDF0\00028.mp4
id03332,57,aac\id03332\9Q2Cs0qa330\00004.m4a,mp4\id03332\9Q2Cs0qa330\00004.mp4
id03332,57,aac\id03332\U9mzOtrpXJ4\00011.m4a,mp4\id03332\U9mzOtrpXJ4\00011.mp4
id03332,57,aac\id03332\U9mzOtrpXJ4\00014.m4a,mp4\id03332\U9mzOtrpXJ4\00014.mp4
id03332,57,aac\id03332\U9mzOtrpXJ4\00016.m4a,mp4\id03332\U9mzOtrpXJ4\00016.mp4
id03332,57,aac\id03332\7QQL0itLYNo\00002.m4a,mp4\id03332\7QQL0itLYNo\00002.mp4
id02902,58,aac\id02902\38ZPkTXLRfQ\00017.m4a,mp4\id02902\38ZPkTXLRfQ\00017.mp4
id02902,58,aac\id02902\38ZPkTXLRfQ\00014.m4a,mp4\id02902\38ZPkTXLRfQ\00014.mp4
id02902,58,aac\id02902\2VdGNJS0t24\00006.m4a,mp4\id02902\2VdGNJS0t24\00006.mp4
id02902,58,aac\id02902\38ZPkTXLRfQ\00020.m4a,mp4\id02902\38ZPkTXLRfQ\00020.mp4
id02902,58,aac\id02902\38ZPkTXLRfQ\00016.m4a,mp4\id02902\38ZPkTXLRfQ\00016.mp4
id02902,58,aac\id02902\38ZPkTXLRfQ\00010.m4a,mp4\id02902\38ZPkTXLRfQ\00010.mp4
id02902,58,aac\id02902\38ZPkTXLRfQ\00013.m4a,mp4\id02902\38ZPkTXLRfQ\00013.mp4
id02902,58,aac\id02902\2VdGNJS0t24\00002.m4a,mp4\id02902\2VdGNJS0t24\00002.mp4
id02902,58,aac\id02902\38ZPkTXLRfQ\00015.m4a,mp4\id02902\38ZPkTXLRfQ\00015.mp4
id02902,58,aac\id02902\2VdGNJS0t24\00005.m4a,mp4\id02902\2VdGNJS0t24\00005.mp4
id02902,58,aac\id02902\2VdGNJS0t24\00008.m4a,mp4\id02902\2VdGNJS0t24\00008.mp4
id02902,58,aac\id02902\38ZPkTXLRfQ\00018.m4a,mp4\id02902\38ZPkTXLRfQ\00018.mp4
id02902,58,aac\id02902\2VdGNJS0t24\00007.m4a,mp4\id02902\2VdGNJS0t24\00007.mp4
id02902,58,aac\id02902\2VdGNJS0t24\00004.m4a,mp4\id02902\2VdGNJS0t24\00004.mp4
id02902,58,aac\id02902\38ZPkTXLRfQ\00011.m4a,mp4\id02902\38ZPkTXLRfQ\00011.mp4
id02902,58,aac\id02902\38ZPkTXLRfQ\00019.m4a,mp4\id02902\38ZPkTXLRfQ\00019.mp4
id02902,58,aac\id02902\2VdGNJS0t24\00001.m4a,mp4\id02902\2VdGNJS0t24\00001.mp4
id02902,58,aac\id02902\38ZPkTXLRfQ\00012.m4a,mp4\id02902\38ZPkTXLRfQ\00012.mp4
id02902,58,aac\id02902\2VdGNJS0t24\00009.m4a,mp4\id02902\2VdGNJS0t24\00009.mp4
id02902,58,aac\id02902\2VdGNJS0t24\00003.m4a,mp4\id02902\2VdGNJS0t24\00003.mp4
id00053,59,aac\id00053\104sCQ3VxW8\00003.m4a,mp4\id00053\104sCQ3VxW8\00003.mp4
id00053,59,aac\id00053\4s53y8P6_hg\00018.m4a,mp4\id00053\4s53y8P6_hg\00018.mp4
id00053,59,aac\id00053\104sCQ3VxW8\00005.m4a,mp4\id00053\104sCQ3VxW8\00005.mp4
id00053,59,aac\id00053\1nP9jW3_v64\00009.m4a,mp4\id00053\1nP9jW3_v64\00009.mp4
id00053,59,aac\id00053\4s53y8P6_hg\00017.m4a,mp4\id00053\4s53y8P6_hg\00017.mp4
id00053,59,aac\id00053\4s53y8P6_hg\00016.m4a,mp4\id00053\4s53y8P6_hg\00016.mp4
id00053,59,aac\id00053\104sCQ3VxW8\00002.m4a,mp4\id00053\104sCQ3VxW8\00002.mp4
id00053,59,aac\id00053\caIbcCVPTrk\00093.m4a,mp4\id00053\caIbcCVPTrk\00093.mp4
id00053,59,aac\id00053\104sCQ3VxW8\00001.m4a,mp4\id00053\104sCQ3VxW8\00001.mp4
id00053,59,aac\id00053\8PwwX3s_lRU\00019.m4a,mp4\id00053\8PwwX3s_lRU\00019.mp4
id00053,59,aac\id00053\1nP9jW3_v64\00008.m4a,mp4\id00053\1nP9jW3_v64\00008.mp4
id00053,59,aac\id00053\1nP9jW3_v64\00011.m4a,mp4\id00053\1nP9jW3_v64\00011.mp4
id00053,59,aac\id00053\1nP9jW3_v64\00012.m4a,mp4\id00053\1nP9jW3_v64\00012.mp4
id00053,59,aac\id00053\1nP9jW3_v64\00014.m4a,mp4\id00053\1nP9jW3_v64\00014.mp4
id00053,59,aac\id00053\4s53y8P6_hg\00015.m4a,mp4\id00053\4s53y8P6_hg\00015.mp4
id00053,59,aac\id00053\104sCQ3VxW8\00004.m4a,mp4\id00053\104sCQ3VxW8\00004.mp4
id00053,59,aac\id00053\1nP9jW3_v64\00010.m4a,mp4\id00053\1nP9jW3_v64\00010.mp4
id00053,59,aac\id00053\104sCQ3VxW8\00007.m4a,mp4\id00053\104sCQ3VxW8\00007.mp4
id00053,59,aac\id00053\104sCQ3VxW8\00006.m4a,mp4\id00053\104sCQ3VxW8\00006.mp4
id00053,59,aac\id00053\1nP9jW3_v64\00013.m4a,mp4\id00053\1nP9jW3_v64\00013.mp4
